,Unnamed: 0,State,District,Name,Party,Incumbent,Winner,Vote_Percentage,Raised,Spent,MaxSpentPer
0,0,AL,1,Jerry Carl,R,1,True,64.9,1971321.0,1859349.0,True
1,1,AL,1,James Averhart,D,1,False,35.0,80095.0,78973.0,False
2,2,AL,2,Barry Moore,R,1,True,65.3,650807.0,669368.0,True
3,3,AL,2,Phyllis Harvey-Hall,D,1,False,34.6,56050.0,55988.0,False
4,4,AL,3,Mike D Rogers,R,1,True,67.5,1193111.0,1218564.0,True
5,5,AL,3,Adia Winfrey,D,1,False,32.4,50273.0,40971.0,False
6,6,AL,4,Robert B Aderholt,R,1,True,82.5,1255076.0,1323812.0,True
7,7,AL,5,Mo Brooks,R,1,True,95.8,655365.0,210045.0,True
8,8,AL,6,Gary Palmer,R,1,True,97.1,907219.0,909082.0,True
9,9,AL,7,Terri Sewell,D,1,True,97.2,2168165.0,1495957.0,True
10,10,AK,1,Don Young,R,1,True,54.4,1922901.0,1790448.0,False
11,11,AK,1,Alyse Galvin,I,1,False,45.3,5178452.0,5088103.0,True
12,12,AZ,1,Tom O'Halleran,D,1,True,51.6,3381353.0,3324138.0,True
13,13,AZ,1,Tiffany Shedd,R,1,False,48.4,1675618.0,1615704.0,False
14,14,AZ,2,Ann Kirkpatrick,D,1,True,55.1,1849862.0,1384765.0,True
15,15,AZ,2,Brandon Martin,R,1,False,44.9,374821.0,381067.0,False
16,16,AZ,3,Raul M Grijalva,D,1,True,64.6,843560.0,655507.0,True
17,17,AZ,3,Daniel Wood,R,1,False,35.4,41422.0,41962.0,False
18,18,AZ,4,Paul Gosar,R,1,True,69.8,622151.0,729892.0,True
19,19,AZ,4,Delina DiSanto,D,1,False,30.2,77168.0,79758.0,False
20,20,AZ,5,Andy Biggs,R,1,True,58.9,1602181.0,1236380.0,True
21,21,AZ,5,Joan Greene,D,1,False,41.1,356069.0,209789.0,False
22,22,AZ,6,David Schweikert,R,1,True,52.2,2265329.0,2249979.0,False
23,23,AZ,6,Hiral Tipirneni,D,1,False,47.8,6301073.0,6366702.0,True
24,24,AZ,7,Ruben Gallego,D,1,True,76.7,1811754.0,1653961.0,True
25,25,AZ,7,Josh Barnett,R,1,False,23.3,28093.0,17883.0,False
26,26,AZ,8,Debbie Lesko,R,1,True,59.6,1605245.0,987453.0,True
27,27,AZ,8,Michael Muscato,D,1,False,40.4,357906.0,347734.0,False
28,28,AZ,9,Greg Stanton,D,1,True,61.6,2001619.0,1001350.0,True
29,29,AZ,9,Dave Giles,R,1,False,38.4,130480.0,129935.0,False
30,30,AR,1,Rick Crawford,R,1,True,100.0,966801.0,1095518.0,True
31,31,AR,2,French Hill,R,1,True,55.4,3384490.0,3020491.0,False
32,32,AR,2,Joyce Elliott,D,1,False,44.6,3482463.0,3478733.0,True
33,33,AR,3,Steve Womack,R,1,True,64.3,1127158.0,923120.0,True
34,34,AR,3,Celeste Williams,D,1,False,31.8,355294.0,355294.0,False
35,35,AR,4,Bruce Westerman,R,1,True,69.7,1407770.0,1102573.0,True
36,36,AR,4,William Hanson,D,1,False,27.5,109767.0,111683.0,False
37,37,CA,1,Doug LaMalfa,R,1,True,56.9,1219556.0,1155945.0,False
38,38,CA,1,Audrey Denney,D,1,False,43.1,2461769.0,2457661.0,True
39,39,CA,2,Jared Huffman,D,1,True,75.7,899419.0,797753.0,True
40,40,CA,2,Dale Mensing,R,1,False,24.3,5921.0,2197.0,False
41,41,CA,3,John Garamendi,D,1,True,54.7,1054066.0,667320.0,True
42,42,CA,3,Tamika Hamilton,R,1,False,45.3,397099.0,384584.0,False
43,43,CA,4,Tom McClintock,R,1,True,55.9,2053363.0,2107248.0,False
44,44,CA,4,Brynne Kennedy,D,1,False,44.1,3006020.0,3002532.0,True
45,45,CA,5,Mike Thompson,D,1,True,76.8,2208136.0,2022751.0,True
46,46,CA,6,Doris Matsui,D,1,True,73.4,1019605.0,1073529.0,True
47,47,CA,6,Chris Bish,R,1,False,26.6,44772.0,44554.0,False
48,48,CA,7,Ami Bera,D,1,True,56.6,1757748.0,1053444.0,True
49,49,CA,7,Buzz Patterson,R,1,False,43.4,43876.0,29614.0,False
50,50,CA,8,Jay Obernolte,R,1,True,56.1,1861647.0,1792064.0,False
51,51,CA,8,Chris Bubser,D,1,False,43.9,1858001.0,1856613.0,True
52,52,CA,9,Jerry McNerney,D,1,True,57.6,1177959.0,1112543.0,True
53,53,CA,9,Tony Amador,R,1,False,42.4,52175.0,52175.0,False
54,54,CA,10,Josh Harder,D,1,True,55.2,7400135.0,3950613.0,True
55,55,CA,10,Ted Howze,R,1,False,44.8,1426552.0,1721882.0,False
56,56,CA,11,Mark Desaulnier,D,1,True,73.0,610394.0,440537.0,True
57,57,CA,11,Nisha Sharma,R,1,False,27.0,174954.0,171870.0,False
58,58,CA,12,Nancy Pelosi,D,1,True,77.6,27359508.0,22064953.0,True
59,59,CA,12,Shahid Buttar,D,1,False,22.4,1672876.0,1650467.0,False
60,60,CA,13,Barbara Lee,D,1,True,90.4,1828213.0,1750142.0,True
61,61,CA,13,Nikka Piterman,R,1,False,9.6,9839.0,9904.0,False
62,62,CA,14,Jackie Speier,D,1,True,79.3,942934.0,919599.0,True
63,63,CA,15,Eric Swalwell,D,1,True,70.9,2807774.0,3977839.0,True
64,64,CA,16,Jim Costa,D,1,True,59.3,2135525.0,1835244.0,True
65,65,CA,16,Kevin Cookingham,R,1,False,40.7,265364.0,265364.0,False
66,66,CA,17,Ro Khanna,D,1,True,71.3,3837982.0,2455457.0,True
67,67,CA,17,Ritesh Tandon,R,1,False,28.7,175536.0,175015.0,False
68,68,CA,18,Anna Eshoo,D,1,True,63.2,2114909.0,2059158.0,True
69,69,CA,18,Rishi Kumar,D,1,False,36.8,674383.0,691938.0,False
70,70,CA,19,Zoe Lofgren,D,1,True,71.7,1755555.0,1731700.0,True
71,71,CA,19,Justin Aguilera,R,1,False,28.3,9112.0,11542.0,False
72,72,CA,20,Jimmy Panetta,D,1,True,76.8,2009894.0,1592671.0,True
73,73,CA,20,Jeff Gorman,R,1,False,23.2,67634.0,64947.0,False
74,74,CA,21,TJ Cox,D,1,False,49.6,5695157.0,5694005.0,True
75,75,CA,21,David Valadao,R,1,True,50.4,4067880.0,3982587.0,False
76,76,CA,22,Devin Nunes,R,1,True,54.2,26825212.0,20156093.0,True
77,77,CA,22,Phil Arballo,D,1,False,45.8,5091451.0,5062185.0,False
78,78,CA,23,Kevin McCarthy,R,1,True,62.1,27780644.0,24265583.0,True
79,79,CA,23,Kim Mangone,D,1,False,37.9,1671101.0,1665373.0,False
80,80,CA,24,Salud Carbajal,D,1,True,58.7,2117836.0,1451622.0,True
81,81,CA,24,Andy Caldwell,R,1,False,41.3,1298798.0,1268199.0,False
82,82,CA,25,Mike Garcia,R,1,True,50.0,9962507.0,9584648.0,True
83,83,CA,25,Christy Smith,D,1,False,50.0,5977734.0,5808477.0,False
84,84,CA,26,Julia Brownley,D,1,True,60.6,1976695.0,1314677.0,True
85,85,CA,26,Ronda Kennedy,R,1,False,39.4,246226.0,67208.0,False
86,86,CA,27,Judy Chu,D,1,True,69.8,1213706.0,956298.0,True
87,87,CA,27,Johnny Nalbandian,R,1,False,30.2,39584.0,39159.0,False
88,88,CA,28,Adam Schiff,D,1,True,72.7,19382855.0,10188664.0,True
89,89,CA,28,Eric Early,R,1,False,27.3,4085322.0,3790027.0,False
90,90,CA,29,Tony Cardenas,D,1,True,56.6,1419697.0,1213588.0,True
91,91,CA,30,Brad Sherman,D,1,True,69.5,1513374.0,1111826.0,True
92,92,CA,31,Pete Aguilar,D,1,True,61.3,2475748.0,1861434.0,True
93,93,CA,31,Agnes Gibboney,R,1,False,38.7,138687.0,127907.0,False
94,94,CA,32,Grace Napolitano,D,1,True,66.6,478426.0,251047.0,True
95,95,CA,32,Joshua Scott,R,1,False,33.4,23624.0,14248.0,False
96,96,CA,33,Ted Lieu,D,1,True,67.6,1661436.0,1582573.0,True
97,97,CA,33,James Bradley,R,1,False,32.4,78910.0,79035.0,False
98,98,CA,34,Jimmy Gomez,D,1,True,53.0,1401166.0,1268312.0,True
99,99,CA,34,David Kim,D,1,False,47.0,193430.0,80381.0,False
100,100,CA,35,Norma Torres,D,1,True,69.3,654727.0,664600.0,True
101,101,CA,35,Mike Cargile,R,1,False,30.7,36113.0,35915.0,False
102,102,CA,36,Raul Ruiz,D,1,True,60.3,2402624.0,1732443.0,True
103,103,CA,36,Erin Cruz,R,1,False,39.7,54217.0,53840.0,False
104,104,CA,37,Karen Bass,D,1,True,85.9,2216467.0,1202942.0,True
105,105,CA,37,Errol Webber,R,1,False,14.1,66398.0,174076.0,False
106,106,CA,38,Linda Sanchez,D,1,True,74.3,1246008.0,1140165.0,True
107,107,CA,39,Gil Cisneros,D,1,False,49.4,4370133.0,4350464.0,False
108,108,CA,39,Young Kim,R,1,True,50.6,6424556.0,6021651.0,True
109,109,CA,40,Lucille Roybal-Allard,D,1,True,72.7,739790.0,741379.0,True
110,110,CA,40,Antonio Delgado,R,1,False,27.3,85014.0,79270.0,False
111,111,CA,41,Mark Takano,D,1,True,64.0,1020456.0,949494.0,True
112,112,CA,41,Aja Smith,R,1,False,36.0,660658.0,659909.0,False
113,113,CA,42,Ken Calvert,R,1,True,57.1,1441812.0,1549113.0,True
114,114,CA,42,Liam O'Mara,D,1,False,42.9,130065.0,128782.0,False
115,115,CA,43,Maxine Waters,D,1,True,71.7,1836660.0,1906957.0,False
116,116,CA,43,Joe Collins,R,1,False,28.3,10556626.0,9921103.0,True
117,117,CA,44,Nanette Barragan,D,1,True,67.8,1173909.0,714023.0,True
118,118,CA,45,Katie Porter,D,1,True,53.5,16627706.0,6443700.0,True
119,119,CA,45,Greg Raths,R,1,False,46.5,1245767.0,1241713.0,False
120,120,CA,46,Lou Correa,D,1,True,68.8,1192715.0,650707.0,True
121,121,CA,47,Alan Lowenthal,D,1,True,63.3,678648.0,854902.0,True
122,122,CA,47,John Briscoe,R,1,False,36.7,25302.0,21538.0,False
123,123,CA,48,Harley Rouda,D,1,False,48.9,5968858.0,6174443.0,True
124,124,CA,48,Michelle Steel,R,1,True,51.1,6305665.0,6148591.0,False
125,125,CA,49,Mike Levin,D,1,True,53.1,3845768.0,2901566.0,True
126,126,CA,49,Brian Maryott,R,1,False,46.9,2810253.0,2808217.0,False
127,127,CA,50,Darrell Issa,R,1,True,54.0,11239670.0,10947106.0,True
128,128,CA,50,Ammar Campa-Najjar,D,1,False,46.0,6248210.0,6247762.0,False
129,129,CA,51,Juan Vargas,D,1,True,68.3,799734.0,801671.0,True
130,130,CA,51,Juan Hidalgo,R,1,False,31.7,83730.0,81182.0,False
131,131,CA,52,Scott Peters,D,1,True,61.6,1911791.0,2131849.0,True
132,132,CA,52,James Debello,R,1,False,38.4,233464.0,224630.0,False
133,133,CA,53,Sara Jacobs,D,1,True,59.5,7678363.0,7586186.0,True
134,134,CA,53,Georgette Gomez,D,1,False,40.5,1691794.0,1663252.0,False
135,135,CO,1,Diana DeGette,D,1,True,73.7,1201026.0,1077130.0,True
136,136,CO,2,Joseph Neguse,D,1,True,61.5,1353325.0,674602.0,True
137,137,CO,2,Charles Winn,R,1,False,35.4,98338.0,98338.0,False
138,138,CO,3,Diane Mitsch Bush,D,1,False,45.2,5008274.0,4984238.0,True
139,139,CO,3,Lauren Boebert,R,1,True,51.4,2989510.0,2632716.0,False
140,140,CO,4,Ken Buck,R,1,True,60.1,478984.0,539393.0,True
141,141,CO,4,Ike McCorkle,D,1,False,36.1,369871.0,217398.0,False
142,142,CO,5,Doug Lamborn,R,1,True,57.6,540712.0,329011.0,True
143,143,CO,5,Jillian Freeland,D,1,False,37.4,185255.0,175548.0,False
144,144,CO,6,Jason Crow,D,1,True,57.1,4136137.0,2892443.0,True
145,145,CO,6,Steven House,R,1,False,40.0,1200056.0,1198044.0,False
146,146,CO,7,Ed Perlmutter,D,1,True,59.1,1632262.0,1339482.0,True
147,147,CO,7,Casper Stockham,R,1,False,37.6,147872.0,147872.0,False
148,148,CT,1,John Larson,D,1,True,63.7,1377238.0,1323690.0,True
149,149,CT,1,Mary Fay,R,1,False,35.0,26836.0,25118.0,False
150,150,CT,2,Joe Courtney,D,1,True,59.4,964731.0,999360.0,True
151,151,CT,2,Justin Anderson,R,1,False,38.2,80227.0,78767.0,False
152,152,CT,3,Rosa DeLauro,D,1,True,58.7,1938999.0,1795635.0,False
153,153,CT,3,Margaret Streicker,R,1,False,39.8,1839080.0,1835385.0,True
154,154,CT,4,Jim Himes,D,1,True,62.3,1612935.0,2180029.0,True
155,155,CT,4,Jonathan Riddle,R,1,False,36.2,31591.0,17385.0,False
156,156,CT,5,Jahana Hayes,D,1,True,55.1,2037826.0,1564685.0,True
157,157,CT,5,David Sullivan,R,1,False,43.5,397395.0,397370.0,False
158,158,DE,1,Lisa Blunt Rochester,D,1,True,57.6,2024201.0,1305618.0,True
159,159,DE,1,Lee Murphy,R,1,False,40.2,131394.0,131862.0,False
160,160,DE,1,Catherine Purcell,I,1,False,1.4,5344.0,5103.0,False
161,161,FL,1,Matt Gaetz,R,1,True,64.6,5946646.0,4482782.0,True
162,162,FL,1,Phil Ehr,D,1,False,34.0,2025099.0,1900451.0,False
163,163,FL,1,Bert Oram,I,1,False,1.4,8108.0,7070.0,False
164,164,FL,2,Neal Dunn,R,1,True,98.0,653488.0,637580.0,True
165,165,FL,3,Kat Cammack,R,1,True,57.1,1122188.0,1090334.0,True
166,166,FL,3,Adam Christensen,D,1,False,42.9,216021.0,219108.0,False
167,167,FL,4,John Rutherford,R,1,True,61.1,1024912.0,1283701.0,True
168,168,FL,4,Donna Deegan,D,1,False,38.9,1013157.0,1013157.0,False
169,169,FL,5,Al Lawson,D,1,True,65.1,848498.0,695779.0,True
170,170,FL,5,Gary Adler,R,1,False,34.9,146909.0,146909.0,False
171,171,FL,6,Michael Waltz,R,1,True,60.6,2549667.0,1716768.0,True
172,172,FL,6,Clint Curtis,D,1,False,39.4,24310.0,22251.0,False
173,173,FL,7,Stephanie Murphy,D,1,True,55.3,3124692.0,1798549.0,True
174,174,FL,7,Leo Valentin,R,1,False,43.2,1045426.0,1031316.0,False
175,175,FL,7,Bill Garlington,I,1,False,1.4,11000.0,0.0,False
176,176,FL,8,Bill Posey,R,1,True,61.4,985268.0,1121834.0,True
177,177,FL,8,James Kennedy,D,1,False,38.6,138568.0,138790.0,False
178,178,FL,9,Darren Soto,D,1,True,56.0,1111750.0,945868.0,True
179,179,FL,9,William Olson,R,1,False,44.0,404406.0,401088.0,False
180,180,FL,10,Val Demings,D,1,True,63.6,1876047.0,1191020.0,True
181,181,FL,10,Vennia Francois,R,1,False,36.4,335480.0,332852.0,False
182,182,FL,11,Daniel Webster,R,1,True,66.7,691261.0,586965.0,True
183,183,FL,11,Dana Cottrell,D,1,False,33.3,62658.0,62380.0,False
184,184,FL,12,Gus Bilirakis,R,1,True,62.9,1604137.0,1548634.0,True
185,185,FL,12,Kim Walker,D,1,False,37.1,42802.0,33544.0,False
186,186,FL,13,Charlie Crist,D,1,True,53.0,2720646.0,3980695.0,True
187,187,FL,13,Anna Paulina Luna,R,1,False,47.0,3302944.0,3262236.0,False
188,188,FL,14,Kathy Castor,D,1,True,60.3,884651.0,1201653.0,True
189,189,FL,14,Christine Quinn,R,1,False,39.7,242144.0,241187.0,False
190,190,FL,15,Alan Cohn,D,1,False,44.6,2333053.0,2300197.0,True
191,191,FL,15,Scott Franklin,R,1,True,55.4,1663898.0,1638417.0,False
192,192,FL,16,Vernon Buchanan,R,1,True,55.5,3094611.0,3100766.0,False
193,193,FL,16,Margaret Good,D,1,False,44.5,3411924.0,3407845.0,True
194,194,FL,17,Greg Steube,R,1,True,64.6,759908.0,621200.0,True
195,195,FL,17,Allen Ellison,D,1,False,34.1,83481.0,78243.0,False
196,196,FL,18,Brian Mast,R,1,True,56.4,6128177.0,5301307.0,True
197,197,FL,18,Pam Keith,D,1,False,41.5,1639873.0,1632736.0,False
198,198,FL,19,Byron Donalds,R,1,True,61.3,3219579.0,2738685.0,True
199,199,FL,19,Cindy Banyai,D,1,False,38.7,214750.0,203430.0,False
200,200,FL,20,Alcee Hastings,D,1,True,78.7,607649.0,543316.0,True
201,201,FL,20,Greg Musselwhite,R,1,False,21.3,28955.0,27538.0,False
202,202,FL,21,Lois Frankel,D,1,True,59.0,1534882.0,1309786.0,False
203,203,FL,21,Laura Loomer,R,1,False,39.1,2271604.0,2240689.0,True
204,204,FL,21,Charleston Malkemus,I,1,False,1.9,28928.0,28636.0,False
205,205,FL,22,Ted Deutch,D,1,True,58.6,1364438.0,1265494.0,True
206,206,FL,22,Jim Pruden,R,1,False,41.4,278416.0,278416.0,False
207,207,FL,23,Debbie Wasserman Schultz,D,1,True,58.2,2191922.0,1979903.0,True
208,208,FL,23,Carla Spalding,R,1,False,41.8,919579.0,903561.0,False
209,209,FL,24,Frederica Wilson,D,1,True,75.6,412592.0,321019.0,True
210,210,FL,24,Lavern Spicer,R,1,False,20.4,34973.0,34909.0,False
211,211,FL,24,Christine Olivo,I,1,False,4.0,31646.0,32898.0,False
212,212,FL,25,Mario Diaz-Balart,R,1,True,100.0,1590134.0,804054.0,True
213,213,FL,26,Debbie Mucarsel-Powell,D,1,False,48.3,6793521.0,6822740.0,True
214,214,FL,26,Carlos Gimenez,R,1,True,51.7,2226559.0,2187389.0,False
215,215,FL,27,Donna Shalala,D,1,False,48.6,3842907.0,3735966.0,True
216,216,FL,27,Maria Salazar,R,1,True,51.4,3654190.0,3645814.0,False
217,217,GA,1,Buddy Carter,R,1,True,58.4,2315487.0,1734754.0,True
218,218,GA,1,Joyce Griggs,D,1,False,41.7,130043.0,125000.0,False
219,219,GA,2,Sanford Bishop,D,1,True,59.1,1540683.0,1440571.0,True
220,220,GA,2,Don Cole,R,1,False,40.9,164274.0,162522.0,False
221,221,GA,3,Drew Ferguson,R,1,True,65.0,2374212.0,2150911.0,True
222,222,GA,3,Val Almonord,D,1,False,35.0,35762.0,31946.0,False
223,223,GA,4,Hank Johnson,D,1,True,80.1,628303.0,490360.0,True
224,224,GA,4,Johsira C. Cruz,R,1,False,19.9,12954.0,23146.0,False
225,225,GA,5,Nikema Williams,D,1,True,85.2,553964.0,362801.0,True
226,226,GA,5,Angela Stanton-King,R,1,False,14.9,305279.0,301338.0,False
227,227,GA,6,Lucy McBath,D,1,True,54.6,8507298.0,8586054.0,True
228,228,GA,6,Karen Handel,R,1,False,45.4,3026243.0,3072932.0,False
229,229,GA,7,Carolyn Bourdeaux,D,1,True,54.4,5133244.0,5161230.0,True
230,230,GA,7,Richard McCormick,R,1,False,48.6,2595446.0,2563724.0,False
231,231,GA,8,Austin Scott,R,1,True,64.5,821745.0,716159.0,True
232,232,GA,9,Andrew Clyde,R,1,True,78.6,1569425.0,1561316.0,True
233,233,GA,9,Devin Pandy,D,1,False,21.4,84272.0,84623.0,False
234,234,GA,10,Jody Hice,R,1,True,62.3,595947.0,457648.0,True
235,235,GA,10,Tabitha Johnson-Green,D,1,False,37.7,14808.0,12214.0,False
236,236,GA,11,Barry Loudermilk,R,1,True,60.4,877767.0,700851.0,True
237,237,GA,11,Dana Barrett,D,1,False,39.6,404625.0,394977.0,False
238,238,GA,12,Richard W Allen,R,1,True,58.4,1228970.0,662818.0,True
239,239,GA,12,Liz Johnson,D,1,False,41.6,72061.0,72061.0,False
240,240,GA,13,David Scott,D,1,True,77.4,1209614.0,1131746.0,True
241,241,GA,13,Becky Hites,R,1,False,22.6,63509.0,62935.0,False
242,242,GA,14,Marjorie Taylor Greene,R,1,True,74.8,2596914.0,2237599.0,True
243,243,HI,1,Ed Case,D,1,False,64.7,508249.0,472569.0,True
244,244,HI,1,Ron Curtis,R,1,False,25.1,12538.0,12647.0,False
245,245,HI,2,Kai Kahele,D,1,True,57.9,1235523.0,1039637.0,True
246,246,HI,2,Joe Akana,R,1,False,28.3,54534.0,55344.0,False
247,247,ID,1,Russ Fulcher,R,1,True,67.8,575485.0,508457.0,True
248,248,ID,1,Rudy Soto,D,1,False,28.7,302902.0,302902.0,False
249,249,ID,2,Mike Simpson,R,1,True,64.1,1008847.0,1099604.0,True
250,250,ID,2,Aaron Swisher,D,1,False,31.7,70674.0,70268.0,False
251,251,IL,1,Bobby Rush,D,1,True,73.8,541435.0,496454.0,True
252,252,IL,1,Philanise White,R,1,False,26.2,6289.0,5048.0,False
253,253,IL,2,Robin Kelly,D,1,True,78.8,1634783.0,1108137.0,True
254,254,IL,3,Marie Newman,D,1,True,56.4,2802093.0,2699323.0,True
255,255,IL,3,Mike Fricilone,R,1,False,43.6,128458.0,127980.0,False
256,256,IL,4,Jesus Garcia,D,1,True,16.0,822846.0,711159.0,True
257,257,IL,4,Jesus Solorio Jr,R,1,False,84.0,2065.0,843.0,False
258,258,IL,5,Mike Quigley,D,1,True,70.8,1171507.0,926655.0,True
259,259,IL,6,Sean Casten,D,1,True,52.8,5582179.0,5313570.0,True
260,260,IL,6,Jeanne Ives,R,1,False,45.4,3157771.0,3135464.0,False
261,261,IL,7,Danny K Davis,D,1,True,80.4,544690.0,505506.0,True
262,262,IL,8,Raja Krishnamoorthi,D,1,True,73.2,6358878.0,2207703.0,True
263,263,IL,9,Jan Schakowsky,D,1,True,71.0,1834801.0,1514838.0,True
264,264,IL,9,Sargis Sangari,R,1,False,29.0,35364.0,34715.0,False
265,265,IL,10,Brad Schneider,D,1,True,63.8,3459512.0,2873333.0,True
266,266,IL,10,Valerie Ramirez Mukherjee,R,1,False,36.2,130225.0,64764.0,False
267,267,IL,11,Bill Foster,D,1,True,63.3,2381354.0,1823906.0,True
268,268,IL,11,Rick Laib,R,1,False,36.7,20343.0,20064.0,False
269,269,IL,12,Mike Bost,R,1,True,60.6,1918041.0,1509573.0,True
270,270,IL,12,Ray Lenzi,D,1,False,39.4,161324.0,104809.0,False
271,271,IL,13,Rodney Davis,R,1,True,54.4,4943459.0,4822600.0,False
272,272,IL,13,Betsy Dirksen Londrigan,D,1,False,45.6,5297007.0,5281880.0,True
273,273,IL,14,Lauren A Underwood,D,1,True,50.7,7803579.0,7301503.0,True
274,274,IL,14,Jim Oberweis,R,1,False,49.3,2438857.0,2348798.0,False
275,275,IL,15,Mary Miller,R,1,True,73.5,689057.0,570356.0,True
276,276,IL,15,Erika Weaver,D,1,False,26.5,58689.0,23349.0,False
277,277,IL,16,Adam Kinzinger,R,1,True,64.8,2105736.0,1588550.0,True
278,278,IL,16,Dani Brzozowski,D,1,False,35.2,459344.0,376167.0,False
279,279,IL,17,Cheri Bustos,D,1,True,52.0,4975192.0,6391009.0,True
280,280,IL,17,Esther Joy King,R,1,False,48.0,2032878.0,2030587.0,False
281,281,IN,1,Frank Mrvan Jr,D,1,True,56.6,578635.0,464407.0,True
282,282,IN,1,Mark Leyva,R,1,False,40.4,16551.0,15343.0,False
283,283,IN,2,Jackie Walorski,R,1,True,61.5,2383467.0,1698202.0,True
284,284,IN,2,Pat Hackett,D,1,False,38.5,881888.0,867301.0,False
285,285,IN,3,Jim Banks,R,1,True,67.8,1202509.0,769591.0,True
286,286,IN,3,Chip Coldiron,D,1,False,32.2,94056.0,89883.0,False
287,287,IN,4,Jim Baird,R,1,True,66.6,327727.0,190158.0,True
288,288,IN,4,Joe Mackey,D,1,False,33.4,44585.0,43213.0,False
289,289,IN,5,Christina Hale,D,1,False,45.9,4010368.0,3998905.0,True
290,290,IN,5,Victoria Spartz,R,1,True,50.0,3119328.0,3010203.0,False
291,291,IN,6,Greg Pence,R,1,True,68.7,3114448.0,2804148.0,True
292,292,IN,6,Jeannine Lee Lake,D,1,False,27.7,143089.0,145315.0,False
293,293,IN,7,Andre Carson,D,1,True,62.4,1011635.0,873962.0,True
294,294,IN,7,Susan Marie Smith,R,1,False,37.6,62905.0,59843.0,False
295,295,IN,8,Larry Bucshon,R,1,True,66.9,1051336.0,1078646.0,True
296,296,IN,8,Thomasina Marsili,D,1,False,29.8,68734.0,68480.0,False
297,297,IN,9,Trey Hollingsworth,R,1,True,60.9,1166754.0,501136.0,True
298,298,IN,9,Andy Ruff,D,1,False,34.8,148263.0,134906.0,False
299,299,IA,1,Abby Finkenauer,D,1,False,48.7,5901441.0,5875405.0,True
300,300,IA,1,Ashley Hinson,R,1,True,51.3,5175883.0,5059211.0,False
301,301,IA,2,Rita Hart,D,1,False,50.0,4232992.0,4114400.0,True
302,302,IA,2,Mariannette Miller-Meeks,R,1,True,50.0,2174194.0,1721926.0,False
303,303,IA,3,Cindy Axne,D,1,True,49.0,6236976.0,6236994.0,True
304,304,IA,3,David Young,R,1,False,47.6,3170072.0,3094582.0,False
305,305,IA,4,J.D. Scholten,D,1,False,62.1,2885915.0,2902003.0,True
306,306,IA,4,Randy Feenstra,R,1,True,37.9,1906234.0,1894288.0,False
307,307,KS,1,Tracey Mann,R,1,True,71.4,1403353.0,1127156.0,True
308,308,KS,1,Kali Barnett,D,1,False,28.6,603036.0,592924.0,False
309,309,KS,2,Michelle De La Isla,D,1,False,40.5,1825085.0,1810968.0,True
310,310,KS,2,Jake Laturner,R,1,True,55.3,1593407.0,1578460.0,False
311,311,KS,3,Sharice Davids,D,1,True,53.4,5638552.0,5168034.0,True
312,312,KS,3,Amanda Adkins,R,1,False,43.8,2182382.0,2139673.0,False
313,313,KS,4,Ron Estes,R,1,True,64.0,1993808.0,1420188.0,True
314,314,KS,4,Laura Lombard,D,1,False,36.0,264459.0,258684.0,False
315,315,KY,1,James Comer,R,1,True,75.0,736116.0,502554.0,True
316,316,KY,2,Brett Guthrie,R,1,True,71.0,1412797.0,1566622.0,True
317,317,KY,2,Hank Linderman,D,1,False,26.3,93388.0,71122.0,False
318,318,KY,3,John Yarmuth,D,1,True,62.7,658295.0,690226.0,True
319,319,KY,3,Rhonda Palazzo,R,1,False,37.3,46144.0,45668.0,False
320,320,KY,4,Thomas Massie,R,1,True,67.1,1457316.0,1563275.0,True
321,321,KY,4,Alexandra Owensby,D,1,False,32.9,156174.0,106359.0,False
322,322,KY,5,Hal Rogers,R,1,True,84.2,664168.0,835781.0,True
323,323,KY,6,Andy Barr,R,1,True,57.3,4536264.0,4316239.0,True
324,324,KY,6,Josh Hicks,D,1,False,41.0,2936320.0,2935615.0,False
325,325,LA,1,Steve Scalise,R,1,True,72.2,37262827.0,32830607.0,True
326,326,LA,2,Cedric Richmond,D,1,True,63.6,1628289.0,1302079.0,True
327,327,LA,3,Clay Higgins,R,1,True,67.8,751498.0,720424.0,True
328,328,LA,3,Robert Jon Anderson,D,1,False,11.6,63617.0,48015.0,False
329,329,LA,3,Braylon Harris,D,1,False,17.9,23006.0,15130.0,False
330,330,LA,4,Mike Johnson,R,1,True,60.4,1299787.0,1039393.0,True
331,331,LA,4,Kenny Houston,D,1,False,25.5,33677.0,33407.0,False
332,332,LA,6,Garret Graves,R,1,True,71.1,1743015.0,1200287.0,True
333,333,LA,6,Dartanyon Williams,D,1,False,25.6,111316.0,98114.0,False
334,334,ME,1,Chellie Pingree,D,1,True,61.5,487080.0,264790.0,True
335,335,ME,1,Jay Allen,R,1,False,38.5,79585.0,69853.0,False
336,336,ME,2,Jared Golden,D,1,True,52.9,5272142.0,5233990.0,True
337,337,ME,2,Dale Crafts,R,1,False,47.1,1199805.0,1196117.0,False
338,338,MD,1,Andy Harris,R,1,True,63.5,1468096.0,973953.0,True
339,339,MD,1,Mia Mason,D,1,False,36.3,2524.0,0.0,False
340,340,MD,2,Dutch Ruppersberger,D,1,True,67.2,1012835.0,927353.0,True
341,341,MD,2,Johnny Ray Salling,R,1,False,32.6,68320.0,66895.0,False
342,342,MD,3,John Sarbanes,D,1,True,69.5,573599.0,687299.0,True
343,343,MD,3,Charles Anthony,R,1,False,30.3,7798.0,6742.0,False
344,344,MD,4,Anthony Brown,D,1,True,79.3,1446636.0,846827.0,True
345,345,MD,5,Steny H Hoyer,D,1,True,68.5,4587189.0,4342255.0,True
346,346,MD,5,Chris Palombi,R,1,False,31.2,43462.0,42095.0,False
347,347,MD,6,David Trone,D,1,True,57.9,2944893.0,2959748.0,True
348,348,MD,6,Neil Parrott,R,1,False,40.2,315936.0,261259.0,False
349,349,MD,7,Kweisi Mfume,D,1,True,71.6,1014126.0,713389.0,False
350,350,MD,7,Kimberly Klacik,R,1,False,28.1,8296845.0,7499454.0,True
351,351,MD,8,Jamie Raskin,D,1,True,67.3,2072652.0,1399252.0,True
352,352,MD,8,Gregory Coll,R,1,False,32.5,30876.0,27257.0,False
353,353,MA,1,Richard E Neal,D,1,True,96.5,4949384.0,5873122.0,True
354,354,MA,2,James P McGovern,D,1,True,65.3,1052549.0,1089412.0,True
355,355,MA,2,Tracy Lovvorn,R,1,False,34.6,26311.0,22319.0,False
356,356,MA,3,Lori Trahan,D,1,True,97.7,1449303.0,1232437.0,True
357,357,MA,4,Jake Auchincloss,D,1,True,60.8,2608686.0,2150904.0,True
358,358,MA,4,Julie Hall,R,1,False,38.9,131603.0,129378.0,False
359,359,MA,5,Katherine Clark,D,1,True,74.3,1788706.0,1514877.0,True
360,360,MA,5,Caroline Colarusso,R,1,False,25.6,148635.0,146972.0,False
361,361,MA,6,Seth Moulton,D,1,True,65.4,1289805.0,1802169.0,True
362,362,MA,6,John Paul Moran,R,1,False,34.4,300220.0,299104.0,False
363,363,MA,7,Ayanna Pressley,D,1,True,86.6,2163370.0,1748432.0,True
364,364,MA,8,Stephen Lynch,D,1,True,80.7,905614.0,1134662.0,True
365,365,MA,9,Bill Keating,D,1,True,61.3,708680.0,652448.0,True
366,366,MA,9,Helen Brady,R,1,False,36.3,28233.0,23735.0,False
367,367,MI,1,John Bergman,R,1,True,61.6,1868512.0,1733466.0,True
368,368,MI,1,Dana Ferguson,D,1,False,36.9,346213.0,339788.0,False
369,369,MI,2,Bill Huizenga,R,1,True,59.2,2175411.0,1883610.0,True
370,370,MI,2,Bryan Berghoef,D,1,False,38.2,751576.0,669864.0,False
371,371,MI,3,Hillary Scholten,D,1,False,47.0,3793132.0,3765942.0,True
372,372,MI,3,Peter Meijer,R,1,True,53.0,2975972.0,2887774.0,False
373,373,MI,4,John Moolenaar,R,1,True,65.0,1528612.0,1036160.0,True
374,374,MI,4,Jerry Hilliard,D,1,False,32.4,23117.0,23603.0,False
375,375,MI,5,Dan Kildee,D,1,True,54.5,1669951.0,1504094.0,True
376,376,MI,5,Tim Kelly,R,1,False,41.7,71106.0,71106.0,False
377,377,MI,6,Fred Upton,R,1,True,55.8,3616380.0,3464617.0,True
378,378,MI,6,Jon Hoadley,D,1,False,40.1,3116491.0,3098366.0,False
379,379,MI,7,Tim Walberg,R,1,True,58.8,2301635.0,1586358.0,False
380,380,MI,7,Gretchen Driskell,D,1,False,41.3,1712840.0,1712840.0,True
381,381,MI,8,Elissa Slotkin,D,1,True,50.9,8967420.0,7419974.0,True
382,382,MI,8,Paul Junge,R,1,False,47.3,2107608.0,2097131.0,False
383,383,MI,9,Andy Levin,D,1,True,57.8,1316607.0,907237.0,True
384,384,MI,10,Lisa McClain,R,1,True,66.3,2266287.0,2137031.0,True
385,385,MI,10,Kimberly Bizon,D,1,False,33.7,41438.0,41246.0,False
386,386,MI,11,Haley Stevens,D,1,True,50.2,5776924.0,5707448.0,True
387,387,MI,11,Eric Esshaki,R,1,False,47.8,1298612.0,1291509.0,False
388,388,MI,12,Debbie Dingell,D,1,True,66.4,1630498.0,1689582.0,True
389,389,MI,12,Jeff Jones,R,1,False,30.7,10616.0,9657.0,False
390,390,MI,13,Rashida Tlaib,D,1,True,77.9,4014411.0,3690334.0,True
391,391,MI,14,Brenda Lawrence,D,1,True,78.9,1084662.0,789570.0,True
392,392,MI,14,Vance Patrick,R,1,False,18.7,39670.0,41973.0,False
393,393,MN,1,Jim Hagedorn,R,1,True,48.6,2386033.0,2305994.0,False
394,394,MN,1,Daniel Feehan,D,1,False,45.5,4861651.0,4863835.0,True
395,395,MN,2,Angie Craig,D,1,True,48.2,5380101.0,4435492.0,True
396,396,MN,2,Tyler Kistner,R,1,False,45.9,2990054.0,2956042.0,False
397,397,MN,3,Dean Phillips,D,1,True,55.6,2328616.0,2152031.0,True
398,398,MN,3,Kendall Qualls,R,1,False,44.3,1863927.0,1751214.0,False
399,399,MN,4,Betty McCollum,D,1,True,63.2,1171748.0,994072.0,True
400,400,MN,4,Gene Rechtzigel,R,1,False,29.0,20075.0,20075.0,False
401,401,MN,5,Ilhan Omar,D,1,True,64.3,5718517.0,5605576.0,False
402,402,MN,5,Lacy Johnson,R,1,False,25.8,12050564.0,12000896.0,True
403,403,MN,6,Tom Emmer,R,1,True,65.5,2804265.0,2537612.0,True
404,404,MN,6,Tawnja Zahradka,D,1,False,34.3,49242.0,49214.0,False
405,405,MN,7,Collin Peterson,D,1,False,39.9,2714012.0,2867577.0,True
406,406,MN,7,Michelle Fischbach,R,1,True,53.4,2618450.0,2580501.0,False
407,407,MN,8,Pete Stauber,R,1,True,56.7,2593190.0,2608759.0,True
408,408,MN,8,Quinn Nystrom,D,1,False,37.6,1530606.0,1527005.0,False
409,409,MS,1,Trent Kelly,R,1,True,68.7,876882.0,826673.0,True
410,410,MS,1,Antonia Eliason,D,1,False,31.3,22281.0,18174.0,False
411,411,MS,2,Bennie G Thompson,D,1,True,66.0,1377392.0,1096904.0,True
412,412,MS,3,Michael Guest,R,1,True,64.7,766807.0,518162.0,True
413,413,MS,4,Steven Palazzo,R,1,True,100.0,817129.0,747217.0,True
414,414,MO,1,Cori Bush,D,1,True,78.8,1418014.0,1333512.0,True
415,415,MO,2,Ann Wagner,R,1,True,52.0,5598287.0,6513101.0,True
416,416,MO,2,Jill Schupp,D,1,False,45.4,4850948.0,4830434.0,False
417,417,MO,3,Blaine Luetkemeyer,R,1,True,69.4,2022905.0,2081391.0,True
418,418,MO,4,Vicky Hartzler,R,1,True,67.6,1700978.0,1335607.0,True
419,419,MO,4,Lindsey Simmons,D,1,False,29.7,395934.0,384622.0,False
420,420,MO,5,Emanuel Cleaver,D,1,True,58.5,1393847.0,928061.0,True
421,421,MO,5,Ryan Derks,R,1,False,38.7,76488.0,76488.0,False
422,422,MO,6,Sam Graves,R,1,True,67.1,1959516.0,1654756.0,True
423,423,MO,6,Gena Ross,D,1,False,30.8,10170.0,10530.0,False
424,424,MO,7,Billy Long,R,1,True,68.7,1320420.0,1518234.0,True
425,425,MO,8,Jason Smith,R,1,True,76.9,1900227.0,1514786.0,True
426,426,MO,8,Kathryn Ellis,D,1,False,21.4,302428.0,305387.0,False
427,427,MT,1,Kathleen Williams,D,1,False,43.6,6201758.0,6232286.0,True
428,428,MT,1,Matt Rosendale,R,1,True,56.4,3674706.0,3488045.0,False
429,429,NE,1,Jeff Fortenberry,R,1,True,59.5,1472816.0,2458330.0,True
430,430,NE,1,Kate Bolz,D,1,False,37.7,1143509.0,1140371.0,False
431,431,NE,2,Don Bacon,R,1,True,50.6,3749272.0,3713961.0,False
432,432,NE,2,Kara Eastman,D,1,False,46.3,4414390.0,4468006.0,True
433,433,NE,3,Adrian Smith,R,1,True,78.5,1506473.0,1148409.0,True
434,434,NE,3,Mark Elworth Jr,D,1,False,17.7,255.0,0.0,False
435,435,NV,1,Dina Titus,D,1,True,61.8,706193.0,587919.0,True
436,436,NV,2,Mark Amodei,R,1,True,56.5,1048056.0,1016673.0,True
437,437,NV,2,Patricia Ackerman,D,1,False,40.7,449363.0,449449.0,False
438,438,NV,3,Susie Lee,D,1,True,48.8,4748019.0,4732009.0,True
439,439,NV,3,Dan Rodimer,R,1,False,45.8,2936059.0,2915216.0,False
440,440,NV,4,Steven Horsford,D,1,True,50.7,3492372.0,3024427.0,True
441,441,NV,4,Jim Marchant,R,1,False,45.8,1462772.0,1419405.0,False
442,442,NH,1,Chris Pappas,D,1,True,51.3,3205731.0,3105663.0,True
443,443,NH,1,Matt Mowers,R,1,False,46.2,1707214.0,1698761.0,False
444,444,NH,2,Ann Kuster,D,1,True,53.9,2960033.0,2970274.0,True
445,445,NH,2,Steve Negron,R,1,False,43.7,368177.0,378959.0,False
446,446,NJ,1,Don Norcross,D,1,True,62.5,2221989.0,1087264.0,True
447,447,NJ,1,Claire Gustafson,R,1,False,37.5,36520.0,21761.0,False
448,448,NJ,2,Jeff Van Drew,R,1,True,51.9,4229171.0,4041493.0,False
449,449,NJ,2,Amy Kennedy,D,1,False,46.2,4984376.0,4978913.0,True
450,450,NJ,3,Andy Kim,D,1,True,53.2,7241283.0,6753262.0,True
451,451,NJ,3,David Richter,R,1,False,45.5,1473669.0,1470648.0,False
452,452,NJ,4,Chris Smith,R,1,True,59.9,1383085.0,1284522.0,True
453,453,NJ,4,Stephanie Schmid,D,1,False,38.3,699580.0,658011.0,False
454,454,NJ,5,Josh Gottheimer,D,1,True,53.2,7694027.0,3487964.0,True
455,455,NJ,5,Frank Pallotta,R,1,False,45.6,1972033.0,1948705.0,False
456,456,NJ,5,Louis A. Vellucci,I,1,False,1.2,5456.0,5342.0,False
457,457,NJ,6,Frank Pallone Jr.,D,1,True,61.2,3231755.0,2021737.0,True
458,458,NJ,7,Tom Malinowski,D,1,True,50.6,7414403.0,7423758.0,True
459,459,NJ,7,Tom Kean,R,1,False,49.4,3869121.0,3775442.0,False
460,460,NJ,8,Albio Sires,D,1,True,74.0,605810.0,551325.0,True
461,461,NJ,9,Bill Pascrell Jr.,D,1,True,65.8,1560550.0,1795410.0,True
462,462,NJ,9,Billy Prempeh,R,1,False,31.9,44269.0,35075.0,False
463,463,NJ,10,Donald M Payne Jr.,D,1,True,83.3,593735.0,457252.0,True
464,464,NJ,11,Mikie Sherrill,D,1,True,53.3,6419707.0,3733106.0,True
465,465,NJ,11,Rosemary Becchi,R,1,False,46.7,1687532.0,1686236.0,False
466,466,NJ,12,Bonnie Watson Coleman,D,1,True,65.6,798439.0,840651.0,True
467,467,NJ,12,Mark Razzoli,R,1,False,32.6,3065.0,1142.0,False
468,468,NM,1,Debra Haaland,D,1,True,58.1,2246734.0,1875766.0,True
469,469,NM,1,Michelle Garcia Holmes,R,1,False,41.9,257294.0,245590.0,False
470,470,NM,2,Xochitl Torres Small,D,1,False,46.3,8387337.0,8539065.0,True
471,471,NM,2,Yvette Herrell,R,1,True,53.7,2805711.0,2921785.0,False
472,472,NM,3,Teresa Leger Fernandez,D,1,True,58.7,2296594.0,2132010.0,True
473,473,NM,3,Alexis Johnson,R,1,False,41.3,147303.0,147303.0,False
474,474,NY,1,Lee Zeldin,R,1,True,55.9,8396981.0,8250116.0,True
475,475,NY,1,Nancy Goroff,D,1,False,44.1,7866239.0,7860977.0,False
476,476,NY,2,Jackie Gordon,D,1,False,46.0,4351881.0,4334484.0,True
477,477,NY,2,Andrew Garbarino,R,1,True,52.9,1743986.0,1612132.0,False
478,478,NY,3,Tom Suozzi,D,1,True,53.2,2941006.0,2331302.0,True
479,479,NY,3,George Santos,R,1,False,46.2,658883.0,591239.0,False
480,480,NY,4,Kathleen Rice,D,1,True,52.0,1106258.0,1210410.0,True
481,481,NY,4,Douglas Tuman,R,1,False,47.3,134937.0,130995.0,False
482,482,NY,5,Gregory Meeks,D,1,True,99.0,2097572.0,1467454.0,True
483,483,NY,6,Grace Meng,D,1,True,62.6,1292084.0,1872311.0,True
484,484,NY,6,Thomas Zmich,R,1,False,37.4,133403.0,131278.0,False
485,485,NY,7,Nydia Velazquez,D,1,True,83.0,803217.0,676248.0,True
486,486,NY,8,Hakeem Jeffries,D,1,True,82.5,4168717.0,3293077.0,True
487,487,NY,9,Yvette Clarke,D,1,True,81.5,1200067.0,1190143.0,True
488,488,NY,10,Jerrold Nadler,D,1,True,68.5,1848688.0,1950774.0,True
489,489,NY,10,Cathy Bernstein,R,1,False,30.1,49975.0,28384.0,False
490,490,NY,11,Max Rose,D,1,False,42.0,9284434.0,9499242.0,True
491,491,NY,11,Nicole Malliotakis,R,1,True,57.8,3469995.0,3447052.0,False
492,492,NY,12,Carolyn Maloney,D,1,True,78.9,3067173.0,3059202.0,True
493,493,NY,13,Adriano Espaillat,D,1,True,86.0,1087237.0,1252740.0,True
494,494,NY,13,Lovelynn Gwinn,R,1,False,8.0,39384.0,39384.0,False
495,495,NY,14,Alexandria Ocasio-Cortez,D,1,True,68.7,20664795.0,16735422.0,True
496,496,NY,14,John C. Cummings,R,1,False,30.5,11140937.0,10947758.0,False
497,497,NY,15,Ritchie Torres,D,1,True,88.2,2194025.0,1804336.0,True
498,498,NY,16,Jamaal Bowman,D,1,True,82.9,2878898.0,2801424.0,True
499,499,NY,17,Mondaire Jones,D,1,True,54.1,2984052.0,2186463.0,True
500,500,NY,17,Maureen McArdle Schulman,R,1,False,39.8,54732.0,60084.0,False
501,501,NY,18,Sean Patrick Maloney,D,1,True,51.8,2556294.0,1718525.0,True
502,502,NY,18,Chele Farley,R,1,False,47.3,1186211.0,1152124.0,False
503,503,NY,18,Scott Smith,I,1,False,0.9,8718.0,8403.0,False
504,504,NY,19,Antonio Delgado,D,1,True,51.5,5949475.0,2963286.0,True
505,505,NY,19,Kyle Van De Water,R,1,False,45.9,153796.0,120097.0,False
506,506,NY,20,Paul Tonko,D,1,True,56.5,1541984.0,1418994.0,True
507,507,NY,20,Elizabeth Joy,R,1,False,43.4,370852.0,336845.0,False
508,508,NY,21,Elise Stefanik,R,1,True,64.4,13287248.0,11655936.0,True
509,509,NY,21,Tedra Cobb,D,1,False,35.6,5586793.0,5593266.0,False
510,510,NY,23,Tom Reed,R,1,True,57.7,3275177.0,3145027.0,True
511,511,NY,23,Tracy Mitrano,D,1,False,41.4,1450322.0,1466128.0,False
512,512,NY,24,John Katko,R,1,True,53.1,3821107.0,3597234.0,True
513,513,NY,24,Dana Balter,D,1,False,43.0,3212469.0,3230808.0,False
514,514,NY,25,Joseph D Morelle,D,1,True,59.3,1375366.0,1274426.0,True
515,515,NY,25,George Mitris,R,1,False,39.1,301376.0,279047.0,False
516,516,NY,26,Brian Higgins,D,1,True,69.8,1124168.0,984106.0,True
517,517,NY,27,Chris Jacobs,R,1,True,59.7,2147101.0,2084271.0,True
518,518,NY,27,Nate McMurray,D,1,False,39.0,1150058.0,1097111.0,False
519,519,NC,1,G K Butterfield,D,1,True,54.2,1032869.0,880420.0,False
520,520,NC,1,Sandy Smith,R,1,False,45.8,1458375.0,1437805.0,True
521,521,NC,2,Deborah Ross,D,1,True,63.0,2268381.0,1816923.0,True
522,522,NC,2,Alan Swain,R,1,False,34.8,119664.0,119435.0,False
523,523,NC,3,Greg Murphy,R,1,True,63.4,1767790.0,1505559.0,True
524,524,NC,4,David Price,D,1,True,67.3,1161738.0,1014872.0,True
525,525,NC,5,Virginia Foxx,R,1,True,66.9,1858388.0,1944629.0,True
526,526,NC,5,David Wilson Brown,D,1,False,31.1,61596.0,60668.0,False
527,527,NC,6,Kathy Manning,D,1,True,62.3,2002284.0,1695596.0,True
528,528,NC,6,Lee Haywood,R,1,False,37.7,73878.0,58342.0,False
529,529,NC,7,David Rouzer,R,1,True,60.3,1628458.0,1038883.0,True
530,530,NC,7,Christopher Ward,D,1,False,39.6,16260.0,4119.0,False
531,531,NC,8,Richard Hudson,R,1,True,53.3,4135872.0,4359009.0,True
532,532,NC,8,Patricia Timmons-Goodson,D,1,False,46.7,3855743.0,3852668.0,False
533,533,NC,9,Dan Bishop,R,1,True,55.6,4090260.0,4029864.0,True
534,534,NC,9,Cynthia Wallace,D,1,False,44.4,811609.0,794300.0,False
535,535,NC,10,Patrick McHenry,R,1,True,68.9,2780234.0,2339363.0,True
536,536,NC,10,David Parker,D,1,False,31.1,30555.0,30555.0,False
537,537,NC,11,Madison Cawthorn,R,1,True,54.5,4478970.0,4366783.0,True
538,538,NC,11,Moe Davis,D,1,False,42.3,2251413.0,2148121.0,False
539,539,NC,12,Alma Adams,D,1,True,100.0,824124.0,651883.0,True
540,540,NC,13,Ted Budd,R,1,True,68.2,2294174.0,1293414.0,True
541,541,NC,13,Scott Huffman,D,1,False,31.8,193334.0,189967.0,False
542,542,ND,1,Kelly Armstrong,R,1,True,69.0,1269346.0,1080105.0,True
543,543,ND,1,Zach Raknerud,D,1,False,27.6,28047.0,26029.0,False
544,544,OH,1,Steve Chabot,R,1,True,51.8,3177647.0,2861464.0,False
545,545,OH,1,Kate Schroder,D,1,False,44.7,4040303.0,4039798.0,True
546,546,OH,2,Brad Wenstrup,R,1,True,61.1,1794354.0,1757078.0,True
547,547,OH,2,Jaime Castle,D,1,False,38.9,284197.0,271471.0,False
548,548,OH,3,Joyce Beatty,D,1,True,70.8,2237887.0,2540687.0,True
549,549,OH,3,Nicholas Moss,I,1,False,0.0,1258.0,1248.0,False
550,550,OH,4,Jim Jordan,R,1,True,67.9,18313823.0,12945651.0,True
551,551,OH,5,Bob Latta,R,1,True,68.0,1580952.0,1477090.0,True
552,552,OH,5,Nick Rubando,D,1,False,32.0,249319.0,247423.0,False
553,553,OH,6,Bill Johnson,R,1,True,74.4,1866123.0,1853361.0,True
554,554,OH,6,Shawna Roberts,D,1,False,25.6,262.0,574.0,False
555,555,OH,7,Bob Gibbs,R,1,True,67.5,791888.0,453928.0,True
556,556,OH,7,Quentin Potter,D,1,False,29.2,12976.0,12976.0,False
557,557,OH,8,Warren Davidson,R,1,True,69.0,1016740.0,841533.0,True
558,558,OH,8,Vanessa Enoch,D,1,False,31.0,40270.0,37546.0,False
559,559,OH,9,Marcy Kaptur,D,1,True,63.1,1090395.0,979798.0,True
560,560,OH,9,Rob Weber,R,1,False,36.9,134898.0,123262.0,False
561,561,OH,10,Michael R Turner,R,1,True,58.4,1752255.0,1736283.0,False
562,562,OH,10,Desiree Tims,D,1,False,41.6,2040760.0,2024010.0,True
563,563,OH,11,Marcia Fudge,D,1,True,80.1,755787.0,499820.0,True
564,564,OH,11,Laverne Gore,R,1,False,20.0,157044.0,156827.0,False
565,565,OH,12,Troy Balderson,R,1,True,55.2,2016826.0,1995665.0,True
566,566,OH,12,Alaina Shearer,D,1,False,41.8,1033711.0,1025410.0,False
567,567,OH,13,Tim Ryan,D,1,True,52.5,1972446.0,2071454.0,True
568,568,OH,13,Christina Hagan,R,1,False,44.9,861723.0,820660.0,False
569,569,OH,14,David P Joyce,R,1,True,60.1,2917696.0,2501449.0,True
570,570,OH,14,Hillary O'Connor Mueri,D,1,False,39.9,579877.0,574646.0,False
571,571,OH,15,Steve Stivers,R,1,True,63.4,3004799.0,2293101.0,True
572,572,OH,15,Joel Newby,D,1,False,36.6,55797.0,55797.0,False
573,573,OH,16,Anthony Gonzalez,R,1,True,63.2,2338195.0,1839807.0,True
574,574,OH,16,Aaron Godfrey,D,1,False,36.8,60294.0,60430.0,False
575,575,OK,1,Kevin Hern,R,1,True,63.7,1094104.0,830366.0,True
576,576,OK,1,Kojo Asamoa-Caesar,D,1,False,32.7,157355.0,173928.0,False
577,577,OK,2,Markwayne Mullin,R,1,True,75.0,1660206.0,1077939.0,True
578,578,OK,2,Danyell Lanier,D,1,False,22.0,41730.0,41722.0,False
579,579,OK,3,Frank D Lucas,R,1,True,78.5,872749.0,1036145.0,True
580,580,OK,4,Tom Cole,R,1,True,67.8,1812530.0,1753697.0,True
581,581,OK,4,Mary Brannon,D,1,False,28.8,-2084.0,1599.0,False
582,582,OK,5,Kendra Horn,D,1,False,47.9,5949800.0,5946195.0,True
583,583,OK,5,Stephanie Bice,R,1,True,52.1,3720520.0,3508929.0,False
584,584,OR,1,Suzanne Bonamici,D,1,True,64.6,959223.0,864627.0,True
585,585,OR,1,Chris Christensen,R,1,False,35.2,144.0,672.0,False
586,586,OR,2,Cliff Bentz,R,1,True,60.0,1450780.0,1361727.0,True
587,587,OR,2,Alex Spenser,D,1,False,36.9,20640.0,5089.0,False
588,588,OR,3,Earl Blumenauer,D,1,True,73.0,1813365.0,1948453.0,True
589,589,OR,3,Joanna Harbour,R,1,False,23.5,17681.0,14502.0,False
590,590,OR,4,Peter DeFazio,D,1,True,51.6,5182843.0,5781074.0,True
591,591,OR,4,Alek Skarlatos,R,1,False,46.2,5454621.0,5331264.0,False
592,592,OR,5,Kurt Schrader,D,1,True,51.9,2018692.0,1922073.0,True
593,593,OR,5,Amy Ryan Courser,R,1,False,45.2,231624.0,221041.0,False
594,594,PA,1,Brian Fitzpatrick,R,1,True,58.7,4203825.0,4272135.0,True
595,595,PA,1,Christina Finello,D,1,False,41.3,2336814.0,2329748.0,False
596,596,PA,2,Brendan Boyle,D,1,True,65.1,1556650.0,756317.0,True
597,597,PA,3,Dwight Evans,D,1,True,87.5,942386.0,781265.0,True
598,598,PA,4,Madeleine Dean,D,1,True,56.0,1435995.0,1005928.0,True
599,599,PA,4,Kathy Barnette,R,1,False,44.0,1000389.0,884640.0,False
600,600,PA,5,Mary Gay Scanlon,D,1,True,60.3,1455042.0,1350276.0,True
601,601,PA,5,Dasha Pruett,R,1,False,39.7,105146.0,82437.0,False
602,602,PA,6,Chrissy Houlahan,D,1,True,54.7,3484484.0,1327283.0,True
603,603,PA,6,John Emmons,R,1,False,45.3,608859.0,601390.0,False
604,604,PA,7,Susan Wild,D,1,True,51.7,4581056.0,4528267.0,True
605,605,PA,8,Matt Cartwright,D,1,True,51.7,3885136.0,4144070.0,True
606,606,PA,8,Jim Bognet,R,1,False,48.3,1519527.0,1386040.0,False
607,607,PA,9,Dan Meuser,R,1,True,68.2,1071961.0,944010.0,True
608,608,PA,9,Gary Wegman,D,1,False,31.8,188787.0,187348.0,False
609,609,PA,10,Scott Perry,R,1,False,53.4,3956481.0,3839197.0,False
610,610,PA,10,Eugene DePasquale,D,1,False,46.6,4534580.0,4526684.0,True
611,611,PA,11,Lloyd Smucker,R,1,True,69.2,1349318.0,662704.0,True
612,612,PA,11,Sarah Hammond,D,1,False,30.8,28733.0,23458.0,False
613,613,PA,12,Fred Keller,R,1,True,71.8,1541938.0,1066158.0,True
614,614,PA,12,Lee Griffin,D,1,False,28.2,45850.0,44571.0,False
615,615,PA,13,John Joyce,R,1,True,79.0,1119769.0,461229.0,True
616,616,PA,13,Todd Rowley,D,1,False,21.0,60348.0,67527.0,False
617,617,PA,14,Guy Reschenthaler,R,1,True,67.8,2250282.0,1580488.0,True
618,618,PA,14,Bill Marx,D,1,False,32.2,60403.0,45959.0,False
619,619,PA,15,Glenn Thompson,R,1,True,76.3,1700061.0,1839073.0,True
620,620,PA,16,Mike Kelly,R,1,True,67.2,2239488.0,1319340.0,True
621,621,PA,16,Kristy Gnibus,D,1,False,32.8,584205.0,579453.0,False
622,622,PA,17,Conor Lamb,D,1,True,51.1,4063114.0,3448850.0,False
623,623,PA,17,Sean Parnell,R,1,False,48.9,3935774.0,3732399.0,True
624,624,PA,18,Mike Doyle,D,1,True,64.6,1008711.0,999692.0,True
625,625,PA,18,Luke Negron,R,1,False,35.4,57714.0,51666.0,False
626,626,RI,1,David Cicilline,D,1,True,70.8,1574854.0,1743173.0,True
627,627,RI,2,Jim Langevin,D,1,True,58.2,1102312.0,1422339.0,True
628,628,RI,2,Bob Lancia,R,1,False,41.5,55549.0,47877.0,False
629,629,SC,1,Joe Cunningham,D,1,False,49.3,6941746.0,6993962.0,True
630,630,SC,1,Nancy Mace,R,1,True,50.6,5766726.0,5707239.0,False
631,631,SC,2,Joe Wilson,R,1,True,55.7,1648065.0,1723956.0,False
632,632,SC,2,Adair Boroughs,D,1,False,42.6,2510526.0,2507664.0,True
633,633,SC,3,Jeff Duncan,R,1,True,71.2,1509647.0,1271872.0,True
634,634,SC,3,Hosea Cleveland,D,1,False,28.7,43214.0,45107.0,False
635,635,SC,4,William Timmons,R,1,True,61.6,977784.0,982233.0,True
636,636,SC,4,Kim Nelson,D,1,False,36.9,167825.0,167508.0,False
637,637,SC,5,Ralph Norman,R,1,True,60.1,991246.0,859747.0,True
638,638,SC,5,Moe Brown,D,1,False,39.9,480648.0,477295.0,False
639,639,SD,1,Dusty Johnson,R,1,True,81.8,1693504.0,699356.0,True
640,640,TN,1,Diana Harshbarger,R,1,True,74.8,2126946.0,1869100.0,True
641,641,TN,1,Blair Nicole Walsingham,D,1,False,22.4,140209.0,134995.0,False
642,642,TN,2,Tim Burchett,R,1,True,67.7,1336276.0,878488.0,True
643,643,TN,2,Renee Hoyos,D,1,False,31.0,812784.0,816793.0,False
644,644,TN,3,Chuck Fleischmann,R,1,True,67.3,1051653.0,381411.0,True
645,645,TN,3,Meg Gorman,D,1,False,30.5,85843.0,77760.0,False
646,646,TN,4,Scott Desjarlais,R,1,True,66.7,331464.0,392499.0,True
647,647,TN,4,Christopher Hale,D,1,False,33.3,308731.0,302996.0,False
648,648,TN,5,Jim Cooper,D,1,True,100.0,936569.0,1332131.0,True
649,649,TN,6,John Rose,R,1,True,73.7,1050429.0,625688.0,True
650,650,TN,7,Mark Green,R,1,True,69.9,1194960.0,935487.0,True
651,651,TN,7,Kiran Sreepada,D,1,False,27.3,206644.0,207191.0,False
652,652,TN,7,Ronald Brown,I,1,False,2.2,1750.0,0.0,False
653,653,TN,7,Scott Vieira Jr,I,1,False,0.6,655.0,1049.0,False
654,654,TN,8,David Kustoff,R,1,True,68.5,1641217.0,999285.0,True
655,655,TN,8,Erika Stotts Pearson,D,1,False,29.5,19070.0,15883.0,False
656,656,TN,9,Steve Cohen,D,1,True,77.4,607570.0,457311.0,True
657,657,TN,9,Charlotte Bergmann,R,1,False,20.1,99147.0,100532.0,False
658,658,TN,9,Dennis Clark,I,1,False,1.6,9991.0,9919.0,False
659,659,TX,1,Louie Gohmert,R,1,True,72.6,552915.0,580441.0,False
660,660,TX,1,Hank Gilbert,D,1,False,27.4,968155.0,734411.0,True
661,661,TX,2,Dan Crenshaw,R,1,True,55.6,19427865.0,17596329.0,True
662,662,TX,2,Sima Ladjevardian,D,1,False,42.8,3832697.0,3825287.0,False
663,663,TX,3,Van Taylor,R,1,True,55.1,2655327.0,2825378.0,True
664,664,TX,3,Helane Seikaly,D,1,False,42.9,1635185.0,1634843.0,False
665,665,TX,4,Patrick Fallon,R,1,True,75.1,257174.0,95065.0,True
666,666,TX,4,Tracy Shawn Jones,I,1,False,0.4,13002.0,10595.0,False
667,667,TX,5,Lance Gooden,R,1,True,62.0,1610327.0,1311983.0,True
668,668,TX,5,Carolyn Salter,D,1,False,35.9,317848.0,289112.0,False
669,669,TX,6,Ron Wright,R,1,True,52.8,912134.0,907693.0,True
670,670,TX,6,Stephen Daniel,D,1,False,44.0,680402.0,677568.0,False
671,671,TX,7,Lizzie Fletcher,D,1,True,50.8,6265165.0,6246136.0,False
672,672,TX,7,Wesley Hunt,R,1,False,47.5,7524064.0,7300122.0,True
673,673,TX,8,Kevin Brady,R,1,True,72.5,3570477.0,3190447.0,True
674,674,TX,8,Elizabeth Hernandez,D,1,False,25.5,17227.0,14981.0,False
675,675,TX,9,Al Green,D,1,True,75.5,460332.0,486155.0,True
676,676,TX,9,Johnny Teague,R,1,False,21.6,89965.0,88366.0,False
677,677,TX,10,Michael McCaul,R,1,True,52.5,3856477.0,3910930.0,True
678,678,TX,10,Mike Siegel,D,1,False,45.4,2873926.0,2829765.0,False
679,679,TX,11,August Pfluger,R,1,True,79.7,2578540.0,1984134.0,True
680,680,TX,11,Jon Mark Hogg,D,1,False,18.3,137730.0,135141.0,False
681,681,TX,12,Kay Granger,R,1,True,63.7,3161288.0,3271815.0,True
682,682,TX,12,Lisa Welch,D,1,False,33.0,98465.0,98475.0,False
683,683,TX,13,Ronny Jackson,R,1,True,79.4,2128271.0,1741132.0,True
684,684,TX,13,Gus Trujillo,D,1,False,18.5,22826.0,18820.0,False
685,685,TX,14,Randy Weber,R,1,True,61.6,936202.0,924659.0,True
686,686,TX,14,Adrienne Bell,D,1,False,38.4,244754.0,240934.0,False
687,687,TX,15,Vicente Gonzalez,D,1,True,50.5,1008381.0,657500.0,True
688,688,TX,15,Monica De La Cruz,R,1,False,47.6,344893.0,338832.0,False
689,689,TX,16,Veronica Escobar,D,1,True,64.7,1135549.0,1087693.0,True
690,690,TX,16,Irene Armendariz-Jackson,R,1,False,35.3,168997.0,153671.0,False
691,691,TX,17,Pete Sessions,R,1,True,55.9,1447958.0,1658637.0,True
692,692,TX,17,Rick Kennedy,D,1,False,40.9,200668.0,202096.0,False
693,693,TX,18,Sheila Jackson Lee,D,1,True,73.3,924480.0,838414.0,True
694,694,TX,18,Wendell Champion,R,1,False,23.5,305645.0,271278.0,False
695,695,TX,19,Jodey Arrington,R,1,True,74.8,2497184.0,1932700.0,True
696,696,TX,19,Tom Watson,D,1,False,22.9,49405.0,60806.0,False
697,697,TX,20,Joaquin Castro,D,1,True,64.7,674061.0,686934.0,True
698,698,TX,20,Mauro Garza,R,1,False,33.1,263293.0,240930.0,False
699,699,TX,21,Chip Roy,R,1,True,52.0,5005639.0,4679362.0,False
700,700,TX,21,Wendy Davis,D,1,False,45.4,10263486.0,10201874.0,True
701,701,TX,22,Sri Kulkarni,D,1,False,44.6,5639061.0,5630098.0,True
702,702,TX,22,Troy Nehls,R,1,True,51.5,1806655.0,1787448.0,False
703,703,TX,23,Gina Ortiz Jones,D,1,False,46.6,6755222.0,6842440.0,True
704,704,TX,23,Tony Gonzales,R,1,True,50.5,2797133.0,2764108.0,False
705,705,TX,24,Candace Valenzuela,D,1,False,47.5,4886999.0,4875031.0,True
706,706,TX,24,Beth Van Duyne,R,1,True,48.8,3410852.0,3342442.0,False
707,707,TX,24,Stephen Kuzmich,I,1,False,1.2,175504.0,201332.0,False
708,708,TX,24,Mark Bauer,I,1,False,0.9,26342.0,26542.0,False
709,709,TX,25,Roger Williams,R,1,True,55.9,2435121.0,3347267.0,True
710,710,TX,25,Julie Oliver,D,1,False,42.1,2190347.0,2176319.0,False
711,711,TX,26,Michael Burgess,R,1,True,60.6,1806588.0,2081391.0,True
712,712,TX,26,Carol Iannuzzi,D,1,False,37.3,95937.0,95937.0,False
713,713,TX,27,Michael Cloud,R,1,True,63.1,1014427.0,829748.0,True
714,714,TX,27,Ricardo De La Fuente,D,1,False,34.9,312096.0,312096.0,False
715,715,TX,28,Henry Cuellar,D,1,True,58.3,2655317.0,3650848.0,True
716,716,TX,28,Sandra Whitten,R,1,False,39.0,24760.0,27354.0,False
717,717,TX,29,Sylvia Garcia,D,1,True,71.1,818984.0,758382.0,True
718,718,TX,29,Jaimy Blanco,R,1,False,27.4,4378.0,0.0,False
719,719,TX,30,Eddie Bernice Johnson,D,1,True,77.5,589096.0,494547.0,True
720,720,TX,30,Tre Pennie,R,1,False,18.4,311109.0,305446.0,False
721,721,TX,31,John Carter,R,1,True,53.4,2160187.0,2214487.0,True
722,722,TX,31,Donna Imam,D,1,False,44.3,1035222.0,1035272.0,False
723,723,TX,32,Colin Allred,D,1,True,52.0,5667725.0,5611747.0,False
724,724,TX,32,Genevieve Collins,R,1,False,45.9,5923081.0,5915256.0,True
725,725,TX,32,Jason Sigmon,I,1,False,0.7,11791.0,11651.0,False
726,726,TX,33,Marc Veasey,D,1,True,66.8,1621929.0,1613446.0,True
727,727,TX,33,Fabian Cordova Vasquez,R,1,False,25.2,36692.0,25585.0,False
728,728,TX,34,Filemon Vela,D,1,True,55.4,983026.0,1024180.0,True
729,729,TX,34,Rey Gonzalez,R,1,False,41.8,37118.0,37446.0,False
730,730,TX,35,Lloyd Doggett,D,1,True,65.4,1336576.0,424804.0,True
731,731,TX,35,Jennifer Sharon,R,1,False,30.0,19011.0,14442.0,False
732,732,TX,35,Jason Mata,I,1,False,1.9,2632.0,2632.0,False
733,733,TX,36,Brian Babin,R,1,True,73.6,1345351.0,1297185.0,True
734,734,TX,36,Brandon Rashad Lewis,D,1,False,24.3,21714.0,12278.0,False
735,735,UT,1,Blake Moore,R,1,True,69.6,844377.0,816015.0,True
736,736,UT,1,Darren Parry,D,1,False,30.5,41218.0,40904.0,False
737,737,UT,2,Chris Stewart,R,1,True,59.0,835139.0,812462.0,True
738,738,UT,2,John Kael Weston,D,1,False,36.6,344774.0,306872.0,False
739,739,UT,3,John Curtis,R,1,True,68.8,874311.0,687265.0,True
740,740,UT,3,Devin Thorpe,D,1,False,26.8,191412.0,190200.0,False
741,741,UT,4,Ben McAdams,D,1,False,46.7,5613542.0,5555591.0,True
742,742,UT,4,Burgess Owens,R,1,True,47.7,5129475.0,5049146.0,False
743,743,VT,1,Peter Welch,D,1,True,64.4,847320.0,865252.0,True
744,744,VA,1,Rob Wittman,R,1,True,58.5,1969785.0,2140375.0,True
745,745,VA,1,Qasim Rashid,D,1,False,41.7,1559108.0,1559108.0,False
746,746,VA,2,Elaine Luria,D,1,True,51.6,6522276.0,6387474.0,True
747,747,VA,2,Scott Taylor,R,1,False,45.8,2452292.0,2446410.0,False
748,748,VA,3,Bobby Scott,D,1,True,68.4,873126.0,832419.0,True
749,749,VA,3,John Collick,R,1,False,31.4,167146.0,165080.0,False
750,750,VA,4,Donald McEachin,D,1,True,61.6,961412.0,963788.0,True
751,751,VA,4,Leon Benjamin,R,1,False,38.2,545354.0,523429.0,False
752,752,VA,5,Cameron Webb,D,1,False,47.3,5755917.0,5750924.0,True
753,753,VA,5,Bob Good,R,1,True,52.4,1373867.0,1323530.0,False
754,754,VA,6,Ben Cline,R,1,True,64.6,892955.0,672928.0,True
755,755,VA,6,Nicholas Betts,D,1,False,35.3,56190.0,54205.0,False
756,756,VA,7,Abigail Spanberger,D,1,True,50.8,8387680.0,7852213.0,True
757,757,VA,7,Nick Freitas,R,1,False,49.0,3629431.0,3600108.0,False
758,758,VA,8,Don Beyer,D,1,True,75.8,1729482.0,2071906.0,True
759,759,VA,8,Jeff Jordan,R,1,False,24.0,96035.0,96035.0,False
760,760,VA,9,Morgan Griffith,R,1,True,94.0,873612.0,463916.0,True
761,761,VA,10,Jennifer Wexton,D,1,True,56.5,3855331.0,1772250.0,True
762,762,VA,10,Aliscia Andrews,R,1,False,43.4,1567598.0,1413145.0,False
763,763,VA,11,Gerry Connolly,D,1,True,71.4,1998592.0,1811776.0,True
764,764,VA,11,Manga Anantatmula,R,1,False,28.3,282152.0,268326.0,False
765,765,WA,1,Suzan DelBene,D,1,True,58.6,2182985.0,1897162.0,True
766,766,WA,1,Jeffrey Beeler,R,1,False,41.3,61970.0,62279.0,False
767,767,WA,2,Rick Larsen,D,1,True,63.2,1275127.0,1219489.0,True
768,768,WA,2,Tim Hazelo,R,1,False,36.6,49478.0,49322.0,False
769,769,WA,3,Jaime Herrera Beutler,R,1,True,56.4,4566383.0,4540148.0,True
770,770,WA,3,Carolyn Long,D,1,False,43.4,4130540.0,4142685.0,False
771,771,WA,4,Dan Newhouse,R,1,True,66.3,1173464.0,991174.0,True
772,772,WA,4,Doug McKinley,D,1,False,33.5,57666.0,54227.0,False
773,773,WA,5,Cathy McMorris Rodgers,R,1,True,60.9,4349448.0,3432572.0,True
774,774,WA,5,Dave Wilson,D,1,False,38.9,109636.0,109636.0,False
775,775,WA,6,Derek Kilmer,D,1,True,59.4,2524026.0,2531111.0,True
776,776,WA,6,Elizabeth Kreiselmaier,R,1,False,40.4,156123.0,145108.0,False
777,777,WA,7,Pramila Jayapal,D,1,True,83.0,2630000.0,1530626.0,True
778,778,WA,7,Craig Keller,R,1,False,16.7,2904.0,3703.0,False
779,779,WA,8,Kim Schrier,D,1,True,51.7,5422491.0,3774398.0,True
780,780,WA,8,Jesse Jensen,R,1,False,48.1,852396.0,842269.0,False
781,781,WA,9,Adam Smith,D,1,True,74.2,1324761.0,930710.0,True
782,782,WA,9,Doug Basler,R,1,False,25.7,22536.0,18328.0,False
783,783,WA,10,Marilyn Strickland,D,1,True,49.6,1812659.0,1780633.0,True
784,784,WA,10,Beth Doglio,D,1,False,35.7,1477678.0,1477678.0,False
785,785,WV,1,David McKinley,R,1,True,69.0,1092609.0,1085864.0,True
786,786,WV,1,Natalie Ms. Cline,D,1,False,31.0,81032.0,81881.0,False
787,787,WV,2,Alex Mooney,R,1,True,63.1,2155978.0,864001.0,True
788,788,WV,2,Catherine Kunkel,D,1,False,36.9,641567.0,641567.0,False
789,789,WV,3,Carol Miller,R,1,True,71.3,869210.0,720796.0,True
790,790,WV,3,Hilary Turner,D,1,False,28.7,99214.0,98769.0,False
791,791,WI,1,Bryan Steil,R,1,True,59.4,3500849.0,3151701.0,True
792,792,WI,1,Roger Polack,D,1,False,40.7,536228.0,526431.0,False
793,793,WI,2,Mark Pocan,D,1,True,69.7,1290582.0,1014628.0,True
794,794,WI,2,Peter Theron,R,1,False,30.3,35753.0,33977.0,False
795,795,WI,3,Ron Kind,D,1,True,51.4,2989262.0,4435403.0,True
796,796,WI,3,Derrick Van Orden,R,1,False,48.6,1962443.0,1948639.0,False
797,797,WI,4,Gwen Moore,D,1,True,74.7,1183995.0,1166739.0,True
798,798,WI,5,Scott Fitzgerald,R,1,True,60.2,1155721.0,968406.0,True
799,799,WI,5,Tom Palzewicz,D,1,False,39.9,370392.0,371799.0,False
800,800,WI,6,Glenn Grothman,R,1,True,59.3,1815756.0,1736659.0,True
801,801,WI,6,Jessica King,D,1,False,40.7,287753.0,245788.0,False
802,802,WI,7,Tom Tiffany,R,1,True,60.8,2637459.0,2514740.0,True
803,803,WI,7,Tricia Zunker,D,1,False,39.2,1261957.0,1232690.0,False
804,804,WI,8,Mike Gallagher,R,1,True,64.0,3202905.0,2841801.0,True
805,805,WI,8,Amanda Stuck,D,1,False,36.0,416978.0,399916.0,False
806,806,WY,1,Liz Cheney,R,1,True,68.6,3003883.0,3060167.0,True
807,807,WY,1,Lynnette Grey Bull,D,1,False,24.6,134597.0,132235.0,False
