State,District,Name,Party,Incumbent,Winner,Vote Percentage,Raised,Spent
AL,1,Jerry Carl,R,False,True,64.9,1971321.0,1859349.0
AL,1,James Averhart,D,False,False,35.0,80095.0,78973.0
AL,2,Barry Moore,R,False,True,65.3,650807.0,669368.0
AL,2,Phyllis Harvey-Hall,D,False,False,34.6,56050.0,55988.0
AL,3,Mike D Rogers,R,True,True,67.5,1193111.0,1218564.0
AL,3,Adia Winfrey,D,False,False,32.4,50273.0,40971.0
AL,4,Robert B Aderholt,R,True,True,82.5,1255076.0,1323812.0
AL,5,Mo Brooks,R,True,True,95.8,655365.0,210045.0
AL,6,Gary Palmer,R,True,True,97.1,907219.0,909082.0
AL,7,Terri Sewell,D,True,True,97.2,2168165.0,1495957.0
AK,1,Don Young,R,True,True,54.4,1922901.0,1790448.0
AK,1,Alyse Galvin,I,False,False,45.3,5178452.0,5088103.0
AZ,1,Tom O'Halleran,D,True,True,51.6,3381353.0,3324138.0
AZ,1,Tiffany Shedd,R,False,False,48.4,1675618.0,1615704.0
AZ,2,Ann Kirkpatrick,D,True,True,55.1,1849862.0,1384765.0
AZ,2,Brandon Martin,R,False,False,44.9,374821.0,381067.0
AZ,3,Raul M Grijalva,D,True,True,64.6,843560.0,655507.0
AZ,3,Daniel Wood,R,False,False,35.4,41422.0,41962.0
AZ,4,Paul Gosar,R,True,True,69.8,622151.0,729892.0
AZ,4,Delina DiSanto,D,False,False,30.2,77168.0,79758.0
AZ,5,Andy Biggs,R,True,True,58.9,1602181.0,1236380.0
AZ,5,Joan Greene,D,False,False,41.1,356069.0,209789.0
AZ,6,David Schweikert,R,True,True,52.2,2265329.0,2249979.0
AZ,6,Hiral Tipirneni,D,False,False,47.8,6301073.0,6366702.0
AZ,7,Ruben Gallego,D,True,True,76.7,1811754.0,1653961.0
AZ,7,Josh Barnett,R,False,False,23.3,28093.0,17883.0
AZ,8,Debbie Lesko,R,True,True,59.6,1605245.0,987453.0
AZ,8,Michael Muscato,D,False,False,40.4,357906.0,347734.0
AZ,9,Greg Stanton,D,True,True,61.6,2001619.0,1001350.0
AZ,9,Dave Giles,R,False,False,38.4,130480.0,129935.0
AR,1,Rick Crawford,R,True,True,100.0,966801.0,1095518.0
AR,2,French Hill,R,True,True,55.4,3384490.0,3020491.0
AR,2,Joyce Elliott,D,False,False,44.6,3482463.0,3478733.0
AR,3,Steve Womack,R,True,True,64.3,1127158.0,923120.0
AR,3,Celeste Williams,D,False,False,31.8,355294.0,355294.0
AR,4,Bruce Westerman,R,True,True,69.7,1407770.0,1102573.0
AR,4,William Hanson,D,False,False,27.5,109767.0,111683.0
CA,1,Doug LaMalfa,R,True,True,56.9,1219556.0,1155945.0
CA,1,Audrey Denney,D,False,False,43.1,2461769.0,2457661.0
CA,2,Jared Huffman,D,True,True,75.7,899419.0,797753.0
CA,2,Dale Mensing,R,False,False,24.3,5921.0,2197.0
CA,3,John Garamendi,D,True,True,54.7,1054066.0,667320.0
CA,3,Tamika Hamilton,R,False,False,45.3,397099.0,384584.0
CA,4,Tom McClintock,R,True,True,55.9,2053363.0,2107248.0
CA,4,Brynne Kennedy,D,False,False,44.1,3006020.0,3002532.0
CA,5,Mike Thompson,D,True,True,76.8,2208136.0,2022751.0
CA,6,Doris Matsui,D,True,True,73.4,1019605.0,1073529.0
CA,6,Chris Bish,R,False,False,26.6,44772.0,44554.0
CA,7,Ami Bera,D,True,True,56.6,1757748.0,1053444.0
CA,7,Buzz Patterson,R,False,False,43.4,43876.0,29614.0
CA,8,Jay Obernolte,R,False,True,56.1,1861647.0,1792064.0
CA,8,Chris Bubser,D,False,False,43.9,1858001.0,1856613.0
CA,9,Jerry McNerney,D,True,True,57.6,1177959.0,1112543.0
CA,9,Tony Amador,R,False,False,42.4,52175.0,52175.0
CA,10,Josh Harder,D,True,True,55.2,7400135.0,3950613.0
CA,10,Ted Howze,R,False,False,44.8,1426552.0,1721882.0
CA,11,Mark Desaulnier,D,True,True,73.0,610394.0,440537.0
CA,11,Nisha Sharma,R,False,False,27.0,174954.0,171870.0
CA,12,Nancy Pelosi,D,True,True,77.6,27359508.0,22064953.0
CA,12,Shahid Buttar,D,False,False,22.4,1672876.0,1650467.0
CA,13,Barbara Lee,D,True,True,90.4,1828213.0,1750142.0
CA,13,Nikka Piterman,R,False,False,9.6,9839.0,9904.0
CA,14,Jackie Speier,D,True,True,79.3,942934.0,919599.0
CA,15,Eric Swalwell,D,True,True,70.9,2807774.0,3977839.0
CA,16,Jim Costa,D,True,True,59.3,2135525.0,1835244.0
CA,16,Kevin Cookingham,R,False,False,40.7,265364.0,265364.0
CA,17,Ro Khanna,D,True,True,71.3,3837982.0,2455457.0
CA,17,Ritesh Tandon,R,False,False,28.7,175536.0,175015.0
CA,18,Anna Eshoo,D,True,True,63.2,2114909.0,2059158.0
CA,18,Rishi Kumar,D,False,False,36.8,674383.0,691938.0
CA,19,Zoe Lofgren,D,True,True,71.7,1755555.0,1731700.0
CA,19,Justin Aguilera,R,False,False,28.3,9112.0,11542.0
CA,20,Jimmy Panetta,D,True,True,76.8,2009894.0,1592671.0
CA,20,Jeff Gorman,R,False,False,23.2,67634.0,64947.0
CA,21,TJ Cox,D,True,False,49.6,5695157.0,5694005.0
CA,21,David Valadao,R,False,True,50.4,4067880.0,3982587.0
CA,22,Devin Nunes,R,True,True,54.2,26825212.0,20156093.0
CA,22,Phil Arballo,D,False,False,45.8,5091451.0,5062185.0
CA,23,Kevin McCarthy,R,True,True,62.1,27780644.0,24265583.0
CA,23,Kim Mangone,D,False,False,37.9,1671101.0,1665373.0
CA,24,Salud Carbajal,D,True,True,58.7,2117836.0,1451622.0
CA,24,Andy Caldwell,R,False,False,41.3,1298798.0,1268199.0
CA,25,Mike Garcia,R,True,True,50.0,9962507.0,9584648.0
CA,25,Christy Smith,D,False,False,50.0,5977734.0,5808477.0
CA,26,Julia Brownley,D,True,True,60.6,1976695.0,1314677.0
CA,26,Ronda Kennedy,R,False,False,39.4,246226.0,67208.0
CA,27,Judy Chu,D,True,True,69.8,1213706.0,956298.0
CA,27,Johnny Nalbandian,R,False,False,30.2,39584.0,39159.0
CA,28,Adam Schiff,D,True,True,72.7,19382855.0,10188664.0
CA,28,Eric Early,R,False,False,27.3,4085322.0,3790027.0
CA,29,Tony Cardenas,D,True,True,56.6,1419697.0,1213588.0
CA,30,Brad Sherman,D,True,True,69.5,1513374.0,1111826.0
CA,31,Pete Aguilar,D,True,True,61.3,2475748.0,1861434.0
CA,31,Agnes Gibboney,R,False,False,38.7,138687.0,127907.0
CA,32,Grace Napolitano,D,True,True,66.6,478426.0,251047.0
CA,32,Joshua Scott,R,False,False,33.4,23624.0,14248.0
CA,33,Ted Lieu,D,True,True,67.6,1661436.0,1582573.0
CA,33,James Bradley,R,False,False,32.4,78910.0,79035.0
CA,34,Jimmy Gomez,D,True,True,53.0,1401166.0,1268312.0
CA,34,David Kim,D,False,False,47.0,193430.0,80381.0
CA,35,Norma Torres,D,True,True,69.3,654727.0,664600.0
CA,35,Mike Cargile,R,False,False,30.7,36113.0,35915.0
CA,36,Raul Ruiz,D,True,True,60.3,2402624.0,1732443.0
CA,36,Erin Cruz,R,False,False,39.7,54217.0,53840.0
CA,37,Karen Bass,D,True,True,85.9,2216467.0,1202942.0
CA,37,Errol Webber,R,False,False,14.1,66398.0,174076.0
CA,38,Linda Sanchez,D,True,True,74.3,1246008.0,1140165.0
CA,39,Gil Cisneros,D,True,False,49.4,4370133.0,4350464.0
CA,39,Young Kim,R,False,True,50.6,6424556.0,6021651.0
CA,40,Lucille Roybal-Allard,D,True,True,72.7,739790.0,741379.0
CA,40,Antonio Delgado,R,False,False,27.3,85014.0,79270.0
CA,41,Mark Takano,D,True,True,64.0,1020456.0,949494.0
CA,41,Aja Smith,R,False,False,36.0,660658.0,659909.0
CA,42,Ken Calvert,R,True,True,57.1,1441812.0,1549113.0
CA,42,Liam O'Mara,D,False,False,42.9,130065.0,128782.0
CA,43,Maxine Waters,D,True,True,71.7,1836660.0,1906957.0
CA,43,Joe Collins,R,False,False,28.3,10556626.0,9921103.0
CA,44,Nanette Barragan,D,True,True,67.8,1173909.0,714023.0
CA,45,Katie Porter,D,True,True,53.5,16627706.0,6443700.0
CA,45,Greg Raths,R,False,False,46.5,1245767.0,1241713.0
CA,46,Lou Correa,D,True,True,68.8,1192715.0,650707.0
CA,47,Alan Lowenthal,D,True,True,63.3,678648.0,854902.0
CA,47,John Briscoe,R,False,False,36.7,25302.0,21538.0
CA,48,Harley Rouda,D,True,False,48.9,5968858.0,6174443.0
CA,48,Michelle Steel,R,False,True,51.1,6305665.0,6148591.0
CA,49,Mike Levin,D,True,True,53.1,3845768.0,2901566.0
CA,49,Brian Maryott,R,False,False,46.9,2810253.0,2808217.0
CA,50,Darrell Issa,R,False,True,54.0,11239670.0,10947106.0
CA,50,Ammar Campa-Najjar,D,False,False,46.0,6248210.0,6247762.0
CA,51,Juan Vargas,D,True,True,68.3,799734.0,801671.0
CA,51,Juan Hidalgo,R,False,False,31.7,83730.0,81182.0
CA,52,Scott Peters,D,True,True,61.6,1911791.0,2131849.0
CA,52,James Debello,R,False,False,38.4,233464.0,224630.0
CA,53,Sara Jacobs,D,False,True,59.5,7678363.0,7586186.0
CA,53,Georgette Gomez,D,False,False,40.5,1691794.0,1663252.0
CO,1,Diana DeGette,D,True,True,73.7,1201026.0,1077130.0
CO,2,Joseph Neguse,D,True,True,61.5,1353325.0,674602.0
CO,2,Charles Winn,R,False,False,35.4,98338.0,98338.0
CO,3,Diane Mitsch Bush,D,False,False,45.2,5008274.0,4984238.0
CO,3,Lauren Boebert,R,False,True,51.4,2989510.0,2632716.0
CO,4,Ken Buck,R,True,True,60.1,478984.0,539393.0
CO,4,Ike McCorkle,D,False,False,36.1,369871.0,217398.0
CO,5,Doug Lamborn,R,True,True,57.6,540712.0,329011.0
CO,5,Jillian Freeland,D,False,False,37.4,185255.0,175548.0
CO,6,Jason Crow,D,True,True,57.1,4136137.0,2892443.0
CO,6,Steven House,R,False,False,40.0,1200056.0,1198044.0
CO,7,Ed Perlmutter,D,True,True,59.1,1632262.0,1339482.0
CO,7,Casper Stockham,R,False,False,37.6,147872.0,147872.0
CT,1,John Larson,D,True,True,63.7,1377238.0,1323690.0
CT,1,Mary Fay,R,False,False,35.0,26836.0,25118.0
CT,2,Joe Courtney,D,True,True,59.4,964731.0,999360.0
CT,2,Justin Anderson,R,False,False,38.2,80227.0,78767.0
CT,3,Rosa DeLauro,D,True,True,58.7,1938999.0,1795635.0
CT,3,Margaret Streicker,R,False,False,39.8,1839080.0,1835385.0
CT,4,Jim Himes,D,True,True,62.3,1612935.0,2180029.0
CT,4,Jonathan Riddle,R,False,False,36.2,31591.0,17385.0
CT,5,Jahana Hayes,D,True,True,55.1,2037826.0,1564685.0
CT,5,David Sullivan,R,False,False,43.5,397395.0,397370.0
DE,1,Lisa Blunt Rochester,D,True,True,57.6,2024201.0,1305618.0
DE,1,Lee Murphy,R,False,False,40.2,131394.0,131862.0
DE,1,Catherine Purcell,I,False,False,1.4,5344.0,5103.0
FL,1,Matt Gaetz,R,True,True,64.6,5946646.0,4482782.0
FL,1,Phil Ehr,D,False,False,34.0,2025099.0,1900451.0
FL,1,Bert Oram,I,False,False,1.4,8108.0,7070.0
FL,2,Neal Dunn,R,True,True,98.0,653488.0,637580.0
FL,3,Kat Cammack,R,False,True,57.1,1122188.0,1090334.0
FL,3,Adam Christensen,D,False,False,42.9,216021.0,219108.0
FL,4,John Rutherford,R,True,True,61.1,1024912.0,1283701.0
FL,4,Donna Deegan,D,False,False,38.9,1013157.0,1013157.0
FL,5,Al Lawson,D,True,True,65.1,848498.0,695779.0
FL,5,Gary Adler,R,False,False,34.9,146909.0,146909.0
FL,6,Michael Waltz,R,True,True,60.6,2549667.0,1716768.0
FL,6,Clint Curtis,D,False,False,39.4,24310.0,22251.0
FL,7,Stephanie Murphy,D,True,True,55.3,3124692.0,1798549.0
FL,7,Leo Valentin,R,False,False,43.2,1045426.0,1031316.0
FL,7,Bill Garlington,I,False,False,1.4,11000.0,0.0
FL,8,Bill Posey,R,True,True,61.4,985268.0,1121834.0
FL,8,James Kennedy,D,False,False,38.6,138568.0,138790.0
FL,9,Darren Soto,D,True,True,56.0,1111750.0,945868.0
FL,9,William Olson,R,False,False,44.0,404406.0,401088.0
FL,10,Val Demings,D,True,True,63.6,1876047.0,1191020.0
FL,10,Vennia Francois,R,False,False,36.4,335480.0,332852.0
FL,11,Daniel Webster,R,True,True,66.7,691261.0,586965.0
FL,11,Dana Cottrell,D,False,False,33.3,62658.0,62380.0
FL,12,Gus Bilirakis,R,True,True,62.9,1604137.0,1548634.0
FL,12,Kim Walker,D,False,False,37.1,42802.0,33544.0
FL,13,Charlie Crist,D,True,True,53.0,2720646.0,3980695.0
FL,13,Anna Paulina Luna,R,False,False,47.0,3302944.0,3262236.0
FL,14,Kathy Castor,D,True,True,60.3,884651.0,1201653.0
FL,14,Christine Quinn,R,False,False,39.7,242144.0,241187.0
FL,15,Alan Cohn,D,False,False,44.6,2333053.0,2300197.0
FL,15,Scott Franklin,R,False,True,55.4,1663898.0,1638417.0
FL,16,Vernon Buchanan,R,True,True,55.5,3094611.0,3100766.0
FL,16,Margaret Good,D,False,False,44.5,3411924.0,3407845.0
FL,17,Greg Steube,R,True,True,64.6,759908.0,621200.0
FL,17,Allen Ellison,D,False,False,34.1,83481.0,78243.0
FL,18,Brian Mast,R,True,True,56.4,6128177.0,5301307.0
FL,18,Pam Keith,D,False,False,41.5,1639873.0,1632736.0
FL,19,Byron Donalds,R,False,True,61.3,3219579.0,2738685.0
FL,19,Cindy Banyai,D,False,False,38.7,214750.0,203430.0
FL,20,Alcee Hastings,D,True,True,78.7,607649.0,543316.0
FL,20,Greg Musselwhite,R,False,False,21.3,28955.0,27538.0
FL,21,Lois Frankel,D,True,True,59.0,1534882.0,1309786.0
FL,21,Laura Loomer,R,False,False,39.1,2271604.0,2240689.0
FL,21,Charleston Malkemus,I,False,False,1.9,28928.0,28636.0
FL,22,Ted Deutch,D,True,True,58.6,1364438.0,1265494.0
FL,22,Jim Pruden,R,False,False,41.4,278416.0,278416.0
FL,23,Debbie Wasserman Schultz,D,True,True,58.2,2191922.0,1979903.0
FL,23,Carla Spalding,R,False,False,41.8,919579.0,903561.0
FL,24,Frederica Wilson,D,True,True,75.6,412592.0,321019.0
FL,24,Lavern Spicer,R,False,False,20.4,34973.0,34909.0
FL,24,Christine Olivo,I,False,False,4.0,31646.0,32898.0
FL,25,Mario Diaz-Balart,R,True,True,100.0,1590134.0,804054.0
FL,26,Debbie Mucarsel-Powell,D,True,False,48.3,6793521.0,6822740.0
FL,26,Carlos Gimenez,R,False,True,51.7,2226559.0,2187389.0
FL,27,Donna Shalala,D,True,False,48.6,3842907.0,3735966.0
FL,27,Maria Salazar,R,False,True,51.4,3654190.0,3645814.0
GA,1,Buddy Carter,R,True,True,58.4,2315487.0,1734754.0
GA,1,Joyce Griggs,D,False,False,41.7,130043.0,125000.0
GA,2,Sanford Bishop,D,True,True,59.1,1540683.0,1440571.0
GA,2,Don Cole,R,False,False,40.9,164274.0,162522.0
GA,3,Drew Ferguson,R,True,True,65.0,2374212.0,2150911.0
GA,3,Val Almonord,D,False,False,35.0,35762.0,31946.0
GA,4,Hank Johnson,D,True,True,80.1,628303.0,490360.0
GA,4,Johsira C. Cruz,R,False,False,19.9,12954.0,23146.0
GA,5,Nikema Williams,D,False,True,85.2,553964.0,362801.0
GA,5,Angela Stanton-King,R,False,False,14.9,305279.0,301338.0
GA,6,Lucy McBath,D,True,True,54.6,8507298.0,8586054.0
GA,6,Karen Handel,R,False,False,45.4,3026243.0,3072932.0
GA,7,Carolyn Bourdeaux,D,False,True,54.4,5133244.0,5161230.0
GA,7,Richard McCormick,R,False,False,48.6,2595446.0,2563724.0
GA,8,Austin Scott,R,True,True,64.5,821745.0,716159.0
GA,9,Andrew Clyde,R,False,True,78.6,1569425.0,1561316.0
GA,9,Devin Pandy,D,False,False,21.4,84272.0,84623.0
GA,10,Jody Hice,R,True,True,62.3,595947.0,457648.0
GA,10,Tabitha Johnson-Green,D,False,False,37.7,14808.0,12214.0
GA,11,Barry Loudermilk,R,True,True,60.4,877767.0,700851.0
GA,11,Dana Barrett,D,False,False,39.6,404625.0,394977.0
GA,12,Richard W Allen,R,True,True,58.4,1228970.0,662818.0
GA,12,Liz Johnson,D,False,False,41.6,72061.0,72061.0
GA,13,David Scott,D,True,True,77.4,1209614.0,1131746.0
GA,13,Becky Hites,R,False,False,22.6,63509.0,62935.0
GA,14,Marjorie Taylor Greene,R,False,True,74.8,2596914.0,2237599.0
HI,1,Ed Case,D,True,False,64.7,508249.0,472569.0
HI,1,Ron Curtis,R,False,False,25.1,12538.0,12647.0
HI,2,Kai Kahele,D,False,True,57.9,1235523.0,1039637.0
HI,2,Joe Akana,R,False,False,28.3,54534.0,55344.0
ID,1,Russ Fulcher,R,True,True,67.8,575485.0,508457.0
ID,1,Rudy Soto,D,False,False,28.7,302902.0,302902.0
ID,2,Mike Simpson,R,True,True,64.1,1008847.0,1099604.0
ID,2,Aaron Swisher,D,False,False,31.7,70674.0,70268.0
IL,1,Bobby Rush,D,True,True,73.8,541435.0,496454.0
IL,1,Philanise White,R,False,False,26.2,6289.0,5048.0
IL,2,Robin Kelly,D,True,True,78.8,1634783.0,1108137.0
IL,3,Marie Newman,D,False,True,56.4,2802093.0,2699323.0
IL,3,Mike Fricilone,R,False,False,43.6,128458.0,127980.0
IL,4,Jesus Garcia,D,True,True,16.0,822846.0,711159.0
IL,4,Jesus Solorio Jr,R,False,False,84.0,2065.0,843.0
IL,5,Mike Quigley,D,True,True,70.8,1171507.0,926655.0
IL,6,Sean Casten,D,True,True,52.8,5582179.0,5313570.0
IL,6,Jeanne Ives,R,False,False,45.4,3157771.0,3135464.0
IL,7,Danny K Davis,D,True,True,80.4,544690.0,505506.0
IL,8,Raja Krishnamoorthi,D,True,True,73.2,6358878.0,2207703.0
IL,9,Jan Schakowsky,D,True,True,71.0,1834801.0,1514838.0
IL,9,Sargis Sangari,R,False,False,29.0,35364.0,34715.0
IL,10,Brad Schneider,D,True,True,63.8,3459512.0,2873333.0
IL,10,Valerie Ramirez Mukherjee,R,False,False,36.2,130225.0,64764.0
IL,11,Bill Foster,D,True,True,63.3,2381354.0,1823906.0
IL,11,Rick Laib,R,False,False,36.7,20343.0,20064.0
IL,12,Mike Bost,R,True,True,60.6,1918041.0,1509573.0
IL,12,Ray Lenzi,D,False,False,39.4,161324.0,104809.0
IL,13,Rodney Davis,R,True,True,54.4,4943459.0,4822600.0
IL,13,Betsy Dirksen Londrigan,D,False,False,45.6,5297007.0,5281880.0
IL,14,Lauren A Underwood,D,True,True,50.7,7803579.0,7301503.0
IL,14,Jim Oberweis,R,False,False,49.3,2438857.0,2348798.0
IL,15,Mary Miller,R,False,True,73.5,689057.0,570356.0
IL,15,Erika Weaver,D,False,False,26.5,58689.0,23349.0
IL,16,Adam Kinzinger,R,True,True,64.8,2105736.0,1588550.0
IL,16,Dani Brzozowski,D,False,False,35.2,459344.0,376167.0
IL,17,Cheri Bustos,D,True,True,52.0,4975192.0,6391009.0
IL,17,Esther Joy King,R,False,False,48.0,2032878.0,2030587.0
IN,1,Frank Mrvan Jr,D,False,True,56.6,578635.0,464407.0
IN,1,Mark Leyva,R,False,False,40.4,16551.0,15343.0
IN,2,Jackie Walorski,R,True,True,61.5,2383467.0,1698202.0
IN,2,Pat Hackett,D,False,False,38.5,881888.0,867301.0
IN,3,Jim Banks,R,True,True,67.8,1202509.0,769591.0
IN,3,Chip Coldiron,D,False,False,32.2,94056.0,89883.0
IN,4,Jim Baird,R,True,True,66.6,327727.0,190158.0
IN,4,Joe Mackey,D,False,False,33.4,44585.0,43213.0
IN,5,Christina Hale,D,False,False,45.9,4010368.0,3998905.0
IN,5,Victoria Spartz,R,False,True,50.0,3119328.0,3010203.0
IN,6,Greg Pence,R,True,True,68.7,3114448.0,2804148.0
IN,6,Jeannine Lee Lake,D,False,False,27.7,143089.0,145315.0
IN,7,Andre Carson,D,True,True,62.4,1011635.0,873962.0
IN,7,Susan Marie Smith,R,False,False,37.6,62905.0,59843.0
IN,8,Larry Bucshon,R,True,True,66.9,1051336.0,1078646.0
IN,8,Thomasina Marsili,D,False,False,29.8,68734.0,68480.0
IN,9,Trey Hollingsworth,R,True,True,60.9,1166754.0,501136.0
IN,9,Andy Ruff,D,False,False,34.8,148263.0,134906.0
IA,1,Abby Finkenauer,D,True,False,48.7,5901441.0,5875405.0
IA,1,Ashley Hinson,R,False,True,51.3,5175883.0,5059211.0
IA,2,Rita Hart,D,False,False,50.0,4232992.0,4114400.0
IA,2,Mariannette Miller-Meeks,R,False,True,50.0,2174194.0,1721926.0
IA,3,Cindy Axne,D,True,True,49.0,6236976.0,6236994.0
IA,3,David Young,R,False,False,47.6,3170072.0,3094582.0
IA,4,J.D. Scholten,D,False,False,62.1,2885915.0,2902003.0
IA,4,Randy Feenstra,R,False,True,37.9,1906234.0,1894288.0
KS,1,Tracey Mann,R,False,True,71.4,1403353.0,1127156.0
KS,1,Kali Barnett,D,False,False,28.6,603036.0,592924.0
KS,2,Michelle De La Isla,D,False,False,40.5,1825085.0,1810968.0
KS,2,Jake Laturner,R,False,True,55.3,1593407.0,1578460.0
KS,3,Sharice Davids,D,True,True,53.4,5638552.0,5168034.0
KS,3,Amanda Adkins,R,False,False,43.8,2182382.0,2139673.0
KS,4,Ron Estes,R,True,True,64.0,1993808.0,1420188.0
KS,4,Laura Lombard,D,False,False,36.0,264459.0,258684.0
KY,1,James Comer,R,True,True,75.0,736116.0,502554.0
KY,2,Brett Guthrie,R,True,True,71.0,1412797.0,1566622.0
KY,2,Hank Linderman,D,False,False,26.3,93388.0,71122.0
KY,3,John Yarmuth,D,True,True,62.7,658295.0,690226.0
KY,3,Rhonda Palazzo,R,False,False,37.3,46144.0,45668.0
KY,4,Thomas Massie,R,True,True,67.1,1457316.0,1563275.0
KY,4,Alexandra Owensby,D,False,False,32.9,156174.0,106359.0
KY,5,Hal Rogers,R,True,True,84.2,664168.0,835781.0
KY,6,Andy Barr,R,True,True,57.3,4536264.0,4316239.0
KY,6,Josh Hicks,D,False,False,41.0,2936320.0,2935615.0
LA,1,Steve Scalise,R,True,True,72.2,37262827.0,32830607.0
LA,2,Cedric Richmond,D,True,True,63.6,1628289.0,1302079.0
LA,3,Clay Higgins,R,True,True,67.8,751498.0,720424.0
LA,3,Robert Jon Anderson,D,False,False,11.6,63617.0,48015.0
LA,3,Braylon Harris,D,False,False,17.9,23006.0,15130.0
LA,4,Mike Johnson,R,True,True,60.4,1299787.0,1039393.0
LA,4,Kenny Houston,D,False,False,25.5,33677.0,33407.0
LA,6,Garret Graves,R,True,True,71.1,1743015.0,1200287.0
LA,6,Dartanyon Williams,D,False,False,25.6,111316.0,98114.0
ME,1,Chellie Pingree,D,True,True,61.5,487080.0,264790.0
ME,1,Jay Allen,R,False,False,38.5,79585.0,69853.0
ME,2,Jared Golden,D,True,True,52.9,5272142.0,5233990.0
ME,2,Dale Crafts,R,False,False,47.1,1199805.0,1196117.0
MD,1,Andy Harris,R,True,True,63.5,1468096.0,973953.0
MD,1,Mia Mason,D,False,False,36.3,2524.0,0.0
MD,2,Dutch Ruppersberger,D,True,True,67.2,1012835.0,927353.0
MD,2,Johnny Ray Salling,R,False,False,32.6,68320.0,66895.0
MD,3,John Sarbanes,D,True,True,69.5,573599.0,687299.0
MD,3,Charles Anthony,R,False,False,30.3,7798.0,6742.0
MD,4,Anthony Brown,D,True,True,79.3,1446636.0,846827.0
MD,5,Steny H Hoyer,D,True,True,68.5,4587189.0,4342255.0
MD,5,Chris Palombi,R,False,False,31.2,43462.0,42095.0
MD,6,David Trone,D,True,True,57.9,2944893.0,2959748.0
MD,6,Neil Parrott,R,False,False,40.2,315936.0,261259.0
MD,7,Kweisi Mfume,D,True,True,71.6,1014126.0,713389.0
MD,7,Kimberly Klacik,R,False,False,28.1,8296845.0,7499454.0
MD,8,Jamie Raskin,D,True,True,67.3,2072652.0,1399252.0
MD,8,Gregory Coll,R,False,False,32.5,30876.0,27257.0
MA,1,Richard E Neal,D,True,True,96.5,4949384.0,5873122.0
MA,2,James P McGovern,D,True,True,65.3,1052549.0,1089412.0
MA,2,Tracy Lovvorn,R,False,False,34.6,26311.0,22319.0
MA,3,Lori Trahan,D,True,True,97.7,1449303.0,1232437.0
MA,4,Jake Auchincloss,D,False,True,60.8,2608686.0,2150904.0
MA,4,Julie Hall,R,False,False,38.9,131603.0,129378.0
MA,5,Katherine Clark,D,True,True,74.3,1788706.0,1514877.0
MA,5,Caroline Colarusso,R,False,False,25.6,148635.0,146972.0
MA,6,Seth Moulton,D,True,True,65.4,1289805.0,1802169.0
MA,6,John Paul Moran,R,False,False,34.4,300220.0,299104.0
MA,7,Ayanna Pressley,D,True,True,86.6,2163370.0,1748432.0
MA,8,Stephen Lynch,D,True,True,80.7,905614.0,1134662.0
MA,9,Bill Keating,D,True,True,61.3,708680.0,652448.0
MA,9,Helen Brady,R,False,False,36.3,28233.0,23735.0
MI,1,John Bergman,R,True,True,61.6,1868512.0,1733466.0
MI,1,Dana Ferguson,D,False,False,36.9,346213.0,339788.0
MI,2,Bill Huizenga,R,True,True,59.2,2175411.0,1883610.0
MI,2,Bryan Berghoef,D,False,False,38.2,751576.0,669864.0
MI,3,Hillary Scholten,D,False,False,47.0,3793132.0,3765942.0
MI,3,Peter Meijer,R,False,True,53.0,2975972.0,2887774.0
MI,4,John Moolenaar,R,True,True,65.0,1528612.0,1036160.0
MI,4,Jerry Hilliard,D,False,False,32.4,23117.0,23603.0
MI,5,Dan Kildee,D,True,True,54.5,1669951.0,1504094.0
MI,5,Tim Kelly,R,False,False,41.7,71106.0,71106.0
MI,6,Fred Upton,R,True,True,55.8,3616380.0,3464617.0
MI,6,Jon Hoadley,D,False,False,40.1,3116491.0,3098366.0
MI,7,Tim Walberg,R,True,True,58.8,2301635.0,1586358.0
MI,7,Gretchen Driskell,D,False,False,41.3,1712840.0,1712840.0
MI,8,Elissa Slotkin,D,True,True,50.9,8967420.0,7419974.0
MI,8,Paul Junge,R,False,False,47.3,2107608.0,2097131.0
MI,9,Andy Levin,D,True,True,57.8,1316607.0,907237.0
MI,10,Lisa McClain,R,False,True,66.3,2266287.0,2137031.0
MI,10,Kimberly Bizon,D,False,False,33.7,41438.0,41246.0
MI,11,Haley Stevens,D,True,True,50.2,5776924.0,5707448.0
MI,11,Eric Esshaki,R,False,False,47.8,1298612.0,1291509.0
MI,12,Debbie Dingell,D,True,True,66.4,1630498.0,1689582.0
MI,12,Jeff Jones,R,False,False,30.7,10616.0,9657.0
MI,13,Rashida Tlaib,D,True,True,77.9,4014411.0,3690334.0
MI,14,Brenda Lawrence,D,True,True,78.9,1084662.0,789570.0
MI,14,Vance Patrick,R,False,False,18.7,39670.0,41973.0
MN,1,Jim Hagedorn,R,True,True,48.6,2386033.0,2305994.0
MN,1,Daniel Feehan,D,False,False,45.5,4861651.0,4863835.0
MN,2,Angie Craig,D,True,True,48.2,5380101.0,4435492.0
MN,2,Tyler Kistner,R,False,False,45.9,2990054.0,2956042.0
MN,3,Dean Phillips,D,True,True,55.6,2328616.0,2152031.0
MN,3,Kendall Qualls,R,False,False,44.3,1863927.0,1751214.0
MN,4,Betty McCollum,D,True,True,63.2,1171748.0,994072.0
MN,4,Gene Rechtzigel,R,False,False,29.0,20075.0,20075.0
MN,5,Ilhan Omar,D,True,True,64.3,5718517.0,5605576.0
MN,5,Lacy Johnson,R,False,False,25.8,12050564.0,12000896.0
MN,6,Tom Emmer,R,True,True,65.5,2804265.0,2537612.0
MN,6,Tawnja Zahradka,D,False,False,34.3,49242.0,49214.0
MN,7,Collin Peterson,D,True,False,39.9,2714012.0,2867577.0
MN,7,Michelle Fischbach,R,False,True,53.4,2618450.0,2580501.0
MN,8,Pete Stauber,R,True,True,56.7,2593190.0,2608759.0
MN,8,Quinn Nystrom,D,False,False,37.6,1530606.0,1527005.0
MS,1,Trent Kelly,R,True,True,68.7,876882.0,826673.0
MS,1,Antonia Eliason,D,False,False,31.3,22281.0,18174.0
MS,2,Bennie G Thompson,D,True,True,66.0,1377392.0,1096904.0
MS,3,Michael Guest,R,True,True,64.7,766807.0,518162.0
MS,4,Steven Palazzo,R,True,True,100.0,817129.0,747217.0
MO,1,Cori Bush,D,False,True,78.8,1418014.0,1333512.0
MO,2,Ann Wagner,R,True,True,52.0,5598287.0,6513101.0
MO,2,Jill Schupp,D,False,False,45.4,4850948.0,4830434.0
MO,3,Blaine Luetkemeyer,R,True,True,69.4,2022905.0,2081391.0
MO,4,Vicky Hartzler,R,True,True,67.6,1700978.0,1335607.0
MO,4,Lindsey Simmons,D,False,False,29.7,395934.0,384622.0
MO,5,Emanuel Cleaver,D,True,True,58.5,1393847.0,928061.0
MO,5,Ryan Derks,R,False,False,38.7,76488.0,76488.0
MO,6,Sam Graves,R,True,True,67.1,1959516.0,1654756.0
MO,6,Gena Ross,D,False,False,30.8,10170.0,10530.0
MO,7,Billy Long,R,True,True,68.7,1320420.0,1518234.0
MO,8,Jason Smith,R,True,True,76.9,1900227.0,1514786.0
MO,8,Kathryn Ellis,D,False,False,21.4,302428.0,305387.0
MT,1,Kathleen Williams,D,False,False,43.6,6201758.0,6232286.0
MT,1,Matt Rosendale,R,False,True,56.4,3674706.0,3488045.0
NE,1,Jeff Fortenberry,R,True,True,59.5,1472816.0,2458330.0
NE,1,Kate Bolz,D,False,False,37.7,1143509.0,1140371.0
NE,2,Don Bacon,R,True,True,50.6,3749272.0,3713961.0
NE,2,Kara Eastman,D,False,False,46.3,4414390.0,4468006.0
NE,3,Adrian Smith,R,True,True,78.5,1506473.0,1148409.0
NE,3,Mark Elworth Jr,D,False,False,17.7,255.0,0.0
NV,1,Dina Titus,D,True,True,61.8,706193.0,587919.0
NV,2,Mark Amodei,R,True,True,56.5,1048056.0,1016673.0
NV,2,Patricia Ackerman,D,False,False,40.7,449363.0,449449.0
NV,3,Susie Lee,D,True,True,48.8,4748019.0,4732009.0
NV,3,Dan Rodimer,R,False,False,45.8,2936059.0,2915216.0
NV,4,Steven Horsford,D,True,True,50.7,3492372.0,3024427.0
NV,4,Jim Marchant,R,False,False,45.8,1462772.0,1419405.0
NH,1,Chris Pappas,D,True,True,51.3,3205731.0,3105663.0
NH,1,Matt Mowers,R,False,False,46.2,1707214.0,1698761.0
NH,2,Ann Kuster,D,True,True,53.9,2960033.0,2970274.0
NH,2,Steve Negron,R,False,False,43.7,368177.0,378959.0
NJ,1,Don Norcross,D,True,True,62.5,2221989.0,1087264.0
NJ,1,Claire Gustafson,R,False,False,37.5,36520.0,21761.0
NJ,2,Jeff Van Drew,R,True,True,51.9,4229171.0,4041493.0
NJ,2,Amy Kennedy,D,False,False,46.2,4984376.0,4978913.0
NJ,3,Andy Kim,D,True,True,53.2,7241283.0,6753262.0
NJ,3,David Richter,R,False,False,45.5,1473669.0,1470648.0
NJ,4,Chris Smith,R,True,True,59.9,1383085.0,1284522.0
NJ,4,Stephanie Schmid,D,False,False,38.3,699580.0,658011.0
NJ,5,Josh Gottheimer,D,True,True,53.2,7694027.0,3487964.0
NJ,5,Frank Pallotta,R,False,False,45.6,1972033.0,1948705.0
NJ,5,Louis A. Vellucci,I,False,False,1.2,5456.0,5342.0
NJ,6,Frank Pallone Jr.,D,True,True,61.2,3231755.0,2021737.0
NJ,7,Tom Malinowski,D,True,True,50.6,7414403.0,7423758.0
NJ,7,Tom Kean,R,False,False,49.4,3869121.0,3775442.0
NJ,8,Albio Sires,D,True,True,74.0,605810.0,551325.0
NJ,9,Bill Pascrell Jr.,D,True,True,65.8,1560550.0,1795410.0
NJ,9,Billy Prempeh,R,False,False,31.9,44269.0,35075.0
NJ,10,Donald M Payne Jr.,D,True,True,83.3,593735.0,457252.0
NJ,11,Mikie Sherrill,D,True,True,53.3,6419707.0,3733106.0
NJ,11,Rosemary Becchi,R,False,False,46.7,1687532.0,1686236.0
NJ,12,Bonnie Watson Coleman,D,True,True,65.6,798439.0,840651.0
NJ,12,Mark Razzoli,R,False,False,32.6,3065.0,1142.0
NM,1,Debra Haaland,D,True,True,58.1,2246734.0,1875766.0
NM,1,Michelle Garcia Holmes,R,False,False,41.9,257294.0,245590.0
NM,2,Xochitl Torres Small,D,True,False,46.3,8387337.0,8539065.0
NM,2,Yvette Herrell,R,False,True,53.7,2805711.0,2921785.0
NM,3,Teresa Leger Fernandez,D,False,True,58.7,2296594.0,2132010.0
NM,3,Alexis Johnson,R,False,False,41.3,147303.0,147303.0
NY,1,Lee Zeldin,R,True,True,55.9,8396981.0,8250116.0
NY,1,Nancy Goroff,D,False,False,44.1,7866239.0,7860977.0
NY,2,Jackie Gordon,D,False,False,46.0,4351881.0,4334484.0
NY,2,Andrew Garbarino,R,False,True,52.9,1743986.0,1612132.0
NY,3,Tom Suozzi,D,True,True,53.2,2941006.0,2331302.0
NY,3,George Santos,R,False,False,46.2,658883.0,591239.0
NY,4,Kathleen Rice,D,True,True,52.0,1106258.0,1210410.0
NY,4,Douglas Tuman,R,False,False,47.3,134937.0,130995.0
NY,5,Gregory Meeks,D,True,True,99.0,2097572.0,1467454.0
NY,6,Grace Meng,D,True,True,62.6,1292084.0,1872311.0
NY,6,Thomas Zmich,R,False,False,37.4,133403.0,131278.0
NY,7,Nydia Velazquez,D,True,True,83.0,803217.0,676248.0
NY,8,Hakeem Jeffries,D,True,True,82.5,4168717.0,3293077.0
NY,9,Yvette Clarke,D,True,True,81.5,1200067.0,1190143.0
NY,10,Jerrold Nadler,D,True,True,68.5,1848688.0,1950774.0
NY,10,Cathy Bernstein,R,False,False,30.1,49975.0,28384.0
NY,11,Max Rose,D,True,False,42.0,9284434.0,9499242.0
NY,11,Nicole Malliotakis,R,False,True,57.8,3469995.0,3447052.0
NY,12,Carolyn Maloney,D,True,True,78.9,3067173.0,3059202.0
NY,13,Adriano Espaillat,D,True,True,86.0,1087237.0,1252740.0
NY,13,Lovelynn Gwinn,R,False,False,8.0,39384.0,39384.0
NY,14,Alexandria Ocasio-Cortez,D,True,True,68.7,20664795.0,16735422.0
NY,14,John C. Cummings,R,False,False,30.5,11140937.0,10947758.0
NY,15,Ritchie Torres,D,False,True,88.2,2194025.0,1804336.0
NY,16,Jamaal Bowman,D,False,True,82.9,2878898.0,2801424.0
NY,17,Mondaire Jones,D,False,True,54.1,2984052.0,2186463.0
NY,17,Maureen McArdle Schulman,R,False,False,39.8,54732.0,60084.0
NY,18,Sean Patrick Maloney,D,True,True,51.8,2556294.0,1718525.0
NY,18,Chele Farley,R,False,False,47.3,1186211.0,1152124.0
NY,18,Scott Smith,I,False,False,0.9,8718.0,8403.0
NY,19,Antonio Delgado,D,True,True,51.5,5949475.0,2963286.0
NY,19,Kyle Van De Water,R,False,False,45.9,153796.0,120097.0
NY,20,Paul Tonko,D,True,True,56.5,1541984.0,1418994.0
NY,20,Elizabeth Joy,R,False,False,43.4,370852.0,336845.0
NY,21,Elise Stefanik,R,True,True,64.4,13287248.0,11655936.0
NY,21,Tedra Cobb,D,False,False,35.6,5586793.0,5593266.0
NY,23,Tom Reed,R,True,True,57.7,3275177.0,3145027.0
NY,23,Tracy Mitrano,D,False,False,41.4,1450322.0,1466128.0
NY,24,John Katko,R,True,True,53.1,3821107.0,3597234.0
NY,24,Dana Balter,D,False,False,43.0,3212469.0,3230808.0
NY,25,Joseph D Morelle,D,True,True,59.3,1375366.0,1274426.0
NY,25,George Mitris,R,False,False,39.1,301376.0,279047.0
NY,26,Brian Higgins,D,True,True,69.8,1124168.0,984106.0
NY,27,Chris Jacobs,R,True,True,59.7,2147101.0,2084271.0
NY,27,Nate McMurray,D,False,False,39.0,1150058.0,1097111.0
NC,1,G K Butterfield,D,True,True,54.2,1032869.0,880420.0
NC,1,Sandy Smith,R,False,False,45.8,1458375.0,1437805.0
NC,2,Deborah Ross,D,False,True,63.0,2268381.0,1816923.0
NC,2,Alan Swain,R,False,False,34.8,119664.0,119435.0
NC,3,Greg Murphy,R,True,True,63.4,1767790.0,1505559.0
NC,4,David Price,D,True,True,67.3,1161738.0,1014872.0
NC,5,Virginia Foxx,R,True,True,66.9,1858388.0,1944629.0
NC,5,David Wilson Brown,D,False,False,31.1,61596.0,60668.0
NC,6,Kathy Manning,D,False,True,62.3,2002284.0,1695596.0
NC,6,Lee Haywood,R,False,False,37.7,73878.0,58342.0
NC,7,David Rouzer,R,True,True,60.3,1628458.0,1038883.0
NC,7,Christopher Ward,D,False,False,39.6,16260.0,4119.0
NC,8,Richard Hudson,R,True,True,53.3,4135872.0,4359009.0
NC,8,Patricia Timmons-Goodson,D,False,False,46.7,3855743.0,3852668.0
NC,9,Dan Bishop,R,True,True,55.6,4090260.0,4029864.0
NC,9,Cynthia Wallace,D,False,False,44.4,811609.0,794300.0
NC,10,Patrick McHenry,R,True,True,68.9,2780234.0,2339363.0
NC,10,David Parker,D,False,False,31.1,30555.0,30555.0
NC,11,Madison Cawthorn,R,False,True,54.5,4478970.0,4366783.0
NC,11,Moe Davis,D,False,False,42.3,2251413.0,2148121.0
NC,12,Alma Adams,D,True,True,100.0,824124.0,651883.0
NC,13,Ted Budd,R,True,True,68.2,2294174.0,1293414.0
NC,13,Scott Huffman,D,False,False,31.8,193334.0,189967.0
ND,1,Kelly Armstrong,R,True,True,69.0,1269346.0,1080105.0
ND,1,Zach Raknerud,D,False,False,27.6,28047.0,26029.0
OH,1,Steve Chabot,R,True,True,51.8,3177647.0,2861464.0
OH,1,Kate Schroder,D,False,False,44.7,4040303.0,4039798.0
OH,2,Brad Wenstrup,R,True,True,61.1,1794354.0,1757078.0
OH,2,Jaime Castle,D,False,False,38.9,284197.0,271471.0
OH,3,Joyce Beatty,D,True,True,70.8,2237887.0,2540687.0
OH,3,Nicholas Moss,I,False,False,0.0,1258.0,1248.0
OH,4,Jim Jordan,R,True,True,67.9,18313823.0,12945651.0
OH,5,Bob Latta,R,True,True,68.0,1580952.0,1477090.0
OH,5,Nick Rubando,D,False,False,32.0,249319.0,247423.0
OH,6,Bill Johnson,R,True,True,74.4,1866123.0,1853361.0
OH,6,Shawna Roberts,D,False,False,25.6,262.0,574.0
OH,7,Bob Gibbs,R,True,True,67.5,791888.0,453928.0
OH,7,Quentin Potter,D,False,False,29.2,12976.0,12976.0
OH,8,Warren Davidson,R,True,True,69.0,1016740.0,841533.0
OH,8,Vanessa Enoch,D,False,False,31.0,40270.0,37546.0
OH,9,Marcy Kaptur,D,True,True,63.1,1090395.0,979798.0
OH,9,Rob Weber,R,False,False,36.9,134898.0,123262.0
OH,10,Michael R Turner,R,True,True,58.4,1752255.0,1736283.0
OH,10,Desiree Tims,D,False,False,41.6,2040760.0,2024010.0
OH,11,Marcia Fudge,D,True,True,80.1,755787.0,499820.0
OH,11,Laverne Gore,R,False,False,20.0,157044.0,156827.0
OH,12,Troy Balderson,R,True,True,55.2,2016826.0,1995665.0
OH,12,Alaina Shearer,D,False,False,41.8,1033711.0,1025410.0
OH,13,Tim Ryan,D,True,True,52.5,1972446.0,2071454.0
OH,13,Christina Hagan,R,False,False,44.9,861723.0,820660.0
OH,14,David P Joyce,R,True,True,60.1,2917696.0,2501449.0
OH,14,Hillary O'Connor Mueri,D,False,False,39.9,579877.0,574646.0
OH,15,Steve Stivers,R,True,True,63.4,3004799.0,2293101.0
OH,15,Joel Newby,D,False,False,36.6,55797.0,55797.0
OH,16,Anthony Gonzalez,R,True,True,63.2,2338195.0,1839807.0
OH,16,Aaron Godfrey,D,False,False,36.8,60294.0,60430.0
OK,1,Kevin Hern,R,True,True,63.7,1094104.0,830366.0
OK,1,Kojo Asamoa-Caesar,D,False,False,32.7,157355.0,173928.0
OK,2,Markwayne Mullin,R,True,True,75.0,1660206.0,1077939.0
OK,2,Danyell Lanier,D,False,False,22.0,41730.0,41722.0
OK,3,Frank D Lucas,R,True,True,78.5,872749.0,1036145.0
OK,4,Tom Cole,R,True,True,67.8,1812530.0,1753697.0
OK,4,Mary Brannon,D,False,False,28.8,-2084.0,1599.0
OK,5,Kendra Horn,D,True,False,47.9,5949800.0,5946195.0
OK,5,Stephanie Bice,R,False,True,52.1,3720520.0,3508929.0
OR,1,Suzanne Bonamici,D,True,True,64.6,959223.0,864627.0
OR,1,Chris Christensen,R,False,False,35.2,144.0,672.0
OR,2,Cliff Bentz,R,False,True,60.0,1450780.0,1361727.0
OR,2,Alex Spenser,D,False,False,36.9,20640.0,5089.0
OR,3,Earl Blumenauer,D,True,True,73.0,1813365.0,1948453.0
OR,3,Joanna Harbour,R,False,False,23.5,17681.0,14502.0
OR,4,Peter DeFazio,D,True,True,51.6,5182843.0,5781074.0
OR,4,Alek Skarlatos,R,False,False,46.2,5454621.0,5331264.0
OR,5,Kurt Schrader,D,True,True,51.9,2018692.0,1922073.0
OR,5,Amy Ryan Courser,R,False,False,45.2,231624.0,221041.0
PA,1,Brian Fitzpatrick,R,True,True,58.7,4203825.0,4272135.0
PA,1,Christina Finello,D,False,False,41.3,2336814.0,2329748.0
PA,2,Brendan Boyle,D,True,True,65.1,1556650.0,756317.0
PA,3,Dwight Evans,D,True,True,87.5,942386.0,781265.0
PA,4,Madeleine Dean,D,True,True,56.0,1435995.0,1005928.0
PA,4,Kathy Barnette,R,False,False,44.0,1000389.0,884640.0
PA,5,Mary Gay Scanlon,D,True,True,60.3,1455042.0,1350276.0
PA,5,Dasha Pruett,R,False,False,39.7,105146.0,82437.0
PA,6,Chrissy Houlahan,D,True,True,54.7,3484484.0,1327283.0
PA,6,John Emmons,R,False,False,45.3,608859.0,601390.0
PA,7,Susan Wild,D,True,True,51.7,4581056.0,4528267.0
PA,8,Matt Cartwright,D,True,True,51.7,3885136.0,4144070.0
PA,8,Jim Bognet,R,False,False,48.3,1519527.0,1386040.0
PA,9,Dan Meuser,R,True,True,68.2,1071961.0,944010.0
PA,9,Gary Wegman,D,False,False,31.8,188787.0,187348.0
PA,10,Scott Perry,R,True,False,53.4,3956481.0,3839197.0
PA,10,Eugene DePasquale,D,False,False,46.6,4534580.0,4526684.0
PA,11,Lloyd Smucker,R,True,True,69.2,1349318.0,662704.0
PA,11,Sarah Hammond,D,False,False,30.8,28733.0,23458.0
PA,12,Fred Keller,R,True,True,71.8,1541938.0,1066158.0
PA,12,Lee Griffin,D,False,False,28.2,45850.0,44571.0
PA,13,John Joyce,R,True,True,79.0,1119769.0,461229.0
PA,13,Todd Rowley,D,False,False,21.0,60348.0,67527.0
PA,14,Guy Reschenthaler,R,True,True,67.8,2250282.0,1580488.0
PA,14,Bill Marx,D,False,False,32.2,60403.0,45959.0
PA,15,Glenn Thompson,R,True,True,76.3,1700061.0,1839073.0
PA,16,Mike Kelly,R,True,True,67.2,2239488.0,1319340.0
PA,16,Kristy Gnibus,D,False,False,32.8,584205.0,579453.0
PA,17,Conor Lamb,D,True,True,51.1,4063114.0,3448850.0
PA,17,Sean Parnell,R,False,False,48.9,3935774.0,3732399.0
PA,18,Mike Doyle,D,True,True,64.6,1008711.0,999692.0
PA,18,Luke Negron,R,False,False,35.4,57714.0,51666.0
RI,1,David Cicilline,D,True,True,70.8,1574854.0,1743173.0
RI,2,Jim Langevin,D,True,True,58.2,1102312.0,1422339.0
RI,2,Bob Lancia,R,False,False,41.5,55549.0,47877.0
SC,1,Joe Cunningham,D,True,False,49.3,6941746.0,6993962.0
SC,1,Nancy Mace,R,False,True,50.6,5766726.0,5707239.0
SC,2,Joe Wilson,R,True,True,55.7,1648065.0,1723956.0
SC,2,Adair Boroughs,D,False,False,42.6,2510526.0,2507664.0
SC,3,Jeff Duncan,R,True,True,71.2,1509647.0,1271872.0
SC,3,Hosea Cleveland,D,False,False,28.7,43214.0,45107.0
SC,4,William Timmons,R,True,True,61.6,977784.0,982233.0
SC,4,Kim Nelson,D,False,False,36.9,167825.0,167508.0
SC,5,Ralph Norman,R,True,True,60.1,991246.0,859747.0
SC,5,Moe Brown,D,False,False,39.9,480648.0,477295.0
SD,1,Dusty Johnson,R,True,True,81.8,1693504.0,699356.0
TN,1,Diana Harshbarger,R,False,True,74.8,2126946.0,1869100.0
TN,1,Blair Nicole Walsingham,D,False,False,22.4,140209.0,134995.0
TN,2,Tim Burchett,R,True,True,67.7,1336276.0,878488.0
TN,2,Renee Hoyos,D,False,False,31.0,812784.0,816793.0
TN,3,Chuck Fleischmann,R,True,True,67.3,1051653.0,381411.0
TN,3,Meg Gorman,D,False,False,30.5,85843.0,77760.0
TN,4,Scott Desjarlais,R,True,True,66.7,331464.0,392499.0
TN,4,Christopher Hale,D,False,False,33.3,308731.0,302996.0
TN,5,Jim Cooper,D,True,True,100.0,936569.0,1332131.0
TN,6,John Rose,R,True,True,73.7,1050429.0,625688.0
TN,7,Mark Green,R,True,True,69.9,1194960.0,935487.0
TN,7,Kiran Sreepada,D,False,False,27.3,206644.0,207191.0
TN,7,Ronald Brown,I,False,False,2.2,1750.0,0.0
TN,7,Scott Vieira Jr,I,False,False,0.6,655.0,1049.0
TN,8,David Kustoff,R,True,True,68.5,1641217.0,999285.0
TN,8,Erika Stotts Pearson,D,False,False,29.5,19070.0,15883.0
TN,9,Steve Cohen,D,True,True,77.4,607570.0,457311.0
TN,9,Charlotte Bergmann,R,False,False,20.1,99147.0,100532.0
TN,9,Dennis Clark,I,False,False,1.6,9991.0,9919.0
TX,1,Louie Gohmert,R,True,True,72.6,552915.0,580441.0
TX,1,Hank Gilbert,D,False,False,27.4,968155.0,734411.0
TX,2,Dan Crenshaw,R,True,True,55.6,19427865.0,17596329.0
TX,2,Sima Ladjevardian,D,False,False,42.8,3832697.0,3825287.0
TX,3,Van Taylor,R,True,True,55.1,2655327.0,2825378.0
TX,3,Helane Seikaly,D,False,False,42.9,1635185.0,1634843.0
TX,4,Patrick Fallon,R,False,True,75.1,257174.0,95065.0
TX,4,Tracy Shawn Jones,I,False,False,0.4,13002.0,10595.0
TX,5,Lance Gooden,R,True,True,62.0,1610327.0,1311983.0
TX,5,Carolyn Salter,D,False,False,35.9,317848.0,289112.0
TX,6,Ron Wright,R,True,True,52.8,912134.0,907693.0
TX,6,Stephen Daniel,D,False,False,44.0,680402.0,677568.0
TX,7,Lizzie Fletcher,D,True,True,50.8,6265165.0,6246136.0
TX,7,Wesley Hunt,R,False,False,47.5,7524064.0,7300122.0
TX,8,Kevin Brady,R,True,True,72.5,3570477.0,3190447.0
TX,8,Elizabeth Hernandez,D,False,False,25.5,17227.0,14981.0
TX,9,Al Green,D,True,True,75.5,460332.0,486155.0
TX,9,Johnny Teague,R,False,False,21.6,89965.0,88366.0
TX,10,Michael McCaul,R,True,True,52.5,3856477.0,3910930.0
TX,10,Mike Siegel,D,False,False,45.4,2873926.0,2829765.0
TX,11,August Pfluger,R,False,True,79.7,2578540.0,1984134.0
TX,11,Jon Mark Hogg,D,False,False,18.3,137730.0,135141.0
TX,12,Kay Granger,R,True,True,63.7,3161288.0,3271815.0
TX,12,Lisa Welch,D,False,False,33.0,98465.0,98475.0
TX,13,Ronny Jackson,R,False,True,79.4,2128271.0,1741132.0
TX,13,Gus Trujillo,D,False,False,18.5,22826.0,18820.0
TX,14,Randy Weber,R,True,True,61.6,936202.0,924659.0
TX,14,Adrienne Bell,D,False,False,38.4,244754.0,240934.0
TX,15,Vicente Gonzalez,D,True,True,50.5,1008381.0,657500.0
TX,15,Monica De La Cruz,R,False,False,47.6,344893.0,338832.0
TX,16,Veronica Escobar,D,True,True,64.7,1135549.0,1087693.0
TX,16,Irene Armendariz-Jackson,R,False,False,35.3,168997.0,153671.0
TX,17,Pete Sessions,R,False,True,55.9,1447958.0,1658637.0
TX,17,Rick Kennedy,D,False,False,40.9,200668.0,202096.0
TX,18,Sheila Jackson Lee,D,True,True,73.3,924480.0,838414.0
TX,18,Wendell Champion,R,False,False,23.5,305645.0,271278.0
TX,19,Jodey Arrington,R,True,True,74.8,2497184.0,1932700.0
TX,19,Tom Watson,D,False,False,22.9,49405.0,60806.0
TX,20,Joaquin Castro,D,True,True,64.7,674061.0,686934.0
TX,20,Mauro Garza,R,False,False,33.1,263293.0,240930.0
TX,21,Chip Roy,R,True,True,52.0,5005639.0,4679362.0
TX,21,Wendy Davis,D,False,False,45.4,10263486.0,10201874.0
TX,22,Sri Kulkarni,D,False,False,44.6,5639061.0,5630098.0
TX,22,Troy Nehls,R,False,True,51.5,1806655.0,1787448.0
TX,23,Gina Ortiz Jones,D,False,False,46.6,6755222.0,6842440.0
TX,23,Tony Gonzales,R,False,True,50.5,2797133.0,2764108.0
TX,24,Candace Valenzuela,D,False,False,47.5,4886999.0,4875031.0
TX,24,Beth Van Duyne,R,False,True,48.8,3410852.0,3342442.0
TX,24,Stephen Kuzmich,I,False,False,1.2,175504.0,201332.0
TX,24,Mark Bauer,I,False,False,0.9,26342.0,26542.0
TX,25,Roger Williams,R,True,True,55.9,2435121.0,3347267.0
TX,25,Julie Oliver,D,False,False,42.1,2190347.0,2176319.0
TX,26,Michael Burgess,R,True,True,60.6,1806588.0,2081391.0
TX,26,Carol Iannuzzi,D,False,False,37.3,95937.0,95937.0
TX,27,Michael Cloud,R,True,True,63.1,1014427.0,829748.0
TX,27,Ricardo De La Fuente,D,False,False,34.9,312096.0,312096.0
TX,28,Henry Cuellar,D,True,True,58.3,2655317.0,3650848.0
TX,28,Sandra Whitten,R,False,False,39.0,24760.0,27354.0
TX,29,Sylvia Garcia,D,True,True,71.1,818984.0,758382.0
TX,29,Jaimy Blanco,R,False,False,27.4,4378.0,0.0
TX,30,Eddie Bernice Johnson,D,True,True,77.5,589096.0,494547.0
TX,30,Tre Pennie,R,False,False,18.4,311109.0,305446.0
TX,31,John Carter,R,True,True,53.4,2160187.0,2214487.0
TX,31,Donna Imam,D,False,False,44.3,1035222.0,1035272.0
TX,32,Colin Allred,D,True,True,52.0,5667725.0,5611747.0
TX,32,Genevieve Collins,R,False,False,45.9,5923081.0,5915256.0
TX,32,Jason Sigmon,I,False,False,0.7,11791.0,11651.0
TX,33,Marc Veasey,D,True,True,66.8,1621929.0,1613446.0
TX,33,Fabian Cordova Vasquez,R,False,False,25.2,36692.0,25585.0
TX,34,Filemon Vela,D,True,True,55.4,983026.0,1024180.0
TX,34,Rey Gonzalez,R,False,False,41.8,37118.0,37446.0
TX,35,Lloyd Doggett,D,True,True,65.4,1336576.0,424804.0
TX,35,Jennifer Sharon,R,False,False,30.0,19011.0,14442.0
TX,35,Jason Mata,I,False,False,1.9,2632.0,2632.0
TX,36,Brian Babin,R,True,True,73.6,1345351.0,1297185.0
TX,36,Brandon Rashad Lewis,D,False,False,24.3,21714.0,12278.0
UT,1,Blake Moore,R,False,True,69.6,844377.0,816015.0
UT,1,Darren Parry,D,False,False,30.5,41218.0,40904.0
UT,2,Chris Stewart,R,True,True,59.0,835139.0,812462.0
UT,2,John Kael Weston,D,False,False,36.6,344774.0,306872.0
UT,3,John Curtis,R,True,True,68.8,874311.0,687265.0
UT,3,Devin Thorpe,D,False,False,26.8,191412.0,190200.0
UT,4,Ben McAdams,D,True,False,46.7,5613542.0,5555591.0
UT,4,Burgess Owens,R,False,True,47.7,5129475.0,5049146.0
VT,1,Peter Welch,D,True,True,64.4,847320.0,865252.0
VA,1,Rob Wittman,R,True,True,58.5,1969785.0,2140375.0
VA,1,Qasim Rashid,D,False,False,41.7,1559108.0,1559108.0
VA,2,Elaine Luria,D,True,True,51.6,6522276.0,6387474.0
VA,2,Scott Taylor,R,False,False,45.8,2452292.0,2446410.0
VA,3,Bobby Scott,D,True,True,68.4,873126.0,832419.0
VA,3,John Collick,R,False,False,31.4,167146.0,165080.0
VA,4,Donald McEachin,D,True,True,61.6,961412.0,963788.0
VA,4,Leon Benjamin,R,False,False,38.2,545354.0,523429.0
VA,5,Cameron Webb,D,False,False,47.3,5755917.0,5750924.0
VA,5,Bob Good,R,False,True,52.4,1373867.0,1323530.0
VA,6,Ben Cline,R,True,True,64.6,892955.0,672928.0
VA,6,Nicholas Betts,D,False,False,35.3,56190.0,54205.0
VA,7,Abigail Spanberger,D,True,True,50.8,8387680.0,7852213.0
VA,7,Nick Freitas,R,False,False,49.0,3629431.0,3600108.0
VA,8,Don Beyer,D,True,True,75.8,1729482.0,2071906.0
VA,8,Jeff Jordan,R,False,False,24.0,96035.0,96035.0
VA,9,Morgan Griffith,R,True,True,94.0,873612.0,463916.0
VA,10,Jennifer Wexton,D,True,True,56.5,3855331.0,1772250.0
VA,10,Aliscia Andrews,R,False,False,43.4,1567598.0,1413145.0
VA,11,Gerry Connolly,D,True,True,71.4,1998592.0,1811776.0
VA,11,Manga Anantatmula,R,False,False,28.3,282152.0,268326.0
WA,1,Suzan DelBene,D,True,True,58.6,2182985.0,1897162.0
WA,1,Jeffrey Beeler,R,False,False,41.3,61970.0,62279.0
WA,2,Rick Larsen,D,True,True,63.2,1275127.0,1219489.0
WA,2,Tim Hazelo,R,False,False,36.6,49478.0,49322.0
WA,3,Jaime Herrera Beutler,R,True,True,56.4,4566383.0,4540148.0
WA,3,Carolyn Long,D,False,False,43.4,4130540.0,4142685.0
WA,4,Dan Newhouse,R,True,True,66.3,1173464.0,991174.0
WA,4,Doug McKinley,D,False,False,33.5,57666.0,54227.0
WA,5,Cathy McMorris Rodgers,R,True,True,60.9,4349448.0,3432572.0
WA,5,Dave Wilson,D,False,False,38.9,109636.0,109636.0
WA,6,Derek Kilmer,D,True,True,59.4,2524026.0,2531111.0
WA,6,Elizabeth Kreiselmaier,R,False,False,40.4,156123.0,145108.0
WA,7,Pramila Jayapal,D,True,True,83.0,2630000.0,1530626.0
WA,7,Craig Keller,R,False,False,16.7,2904.0,3703.0
WA,8,Kim Schrier,D,True,True,51.7,5422491.0,3774398.0
WA,8,Jesse Jensen,R,False,False,48.1,852396.0,842269.0
WA,9,Adam Smith,D,True,True,74.2,1324761.0,930710.0
WA,9,Doug Basler,R,False,False,25.7,22536.0,18328.0
WA,10,Marilyn Strickland,D,False,True,49.6,1812659.0,1780633.0
WA,10,Beth Doglio,D,False,False,35.7,1477678.0,1477678.0
WV,1,David McKinley,R,True,True,69.0,1092609.0,1085864.0
WV,1,Natalie Ms. Cline,D,False,False,31.0,81032.0,81881.0
WV,2,Alex Mooney,R,True,True,63.1,2155978.0,864001.0
WV,2,Catherine Kunkel,D,False,False,36.9,641567.0,641567.0
WV,3,Carol Miller,R,True,True,71.3,869210.0,720796.0
WV,3,Hilary Turner,D,False,False,28.7,99214.0,98769.0
WI,1,Bryan Steil,R,True,True,59.4,3500849.0,3151701.0
WI,1,Roger Polack,D,False,False,40.7,536228.0,526431.0
WI,2,Mark Pocan,D,True,True,69.7,1290582.0,1014628.0
WI,2,Peter Theron,R,False,False,30.3,35753.0,33977.0
WI,3,Ron Kind,D,True,True,51.4,2989262.0,4435403.0
WI,3,Derrick Van Orden,R,False,False,48.6,1962443.0,1948639.0
WI,4,Gwen Moore,D,True,True,74.7,1183995.0,1166739.0
WI,5,Scott Fitzgerald,R,False,True,60.2,1155721.0,968406.0
WI,5,Tom Palzewicz,D,False,False,39.9,370392.0,371799.0
WI,6,Glenn Grothman,R,True,True,59.3,1815756.0,1736659.0
WI,6,Jessica King,D,False,False,40.7,287753.0,245788.0
WI,7,Tom Tiffany,R,True,True,60.8,2637459.0,2514740.0
WI,7,Tricia Zunker,D,False,False,39.2,1261957.0,1232690.0
WI,8,Mike Gallagher,R,True,True,64.0,3202905.0,2841801.0
WI,8,Amanda Stuck,D,False,False,36.0,416978.0,399916.0
WY,1,Liz Cheney,R,True,True,68.6,3003883.0,3060167.0
WY,1,Lynnette Grey Bull,D,False,False,24.6,134597.0,132235.0
