,State,District,Name,Party,Incumbent,Winner,Vote Percentage,Raised,Spent
0,AL,01,Jerry Carl,R,False,True,64.9,"$1,971,321","$1,859,349"
1,AL,01,James Averhart,D,False,False,35.0,"$80,095","$78,973"
2,AL,02,Barry Moore,R,False,True,65.3,"$650,807","$669,368"
3,AL,02,Phyllis Harvey-Hall,D,False,False,34.6,"$56,050","$55,988"
4,AL,03,Mike D Rogers,R,True,True,67.5,"$1,193,111","$1,218,564"
5,AL,03,Adia Winfrey,D,False,False,32.4,"$50,273","$40,971"
6,AL,04,Robert B Aderholt,R,True,True,82.5,"$1,255,076","$1,323,812"
7,AL,05,Mo Brooks,R,True,True,95.8,"$655,365","$210,045"
8,AL,06,Gary Palmer,R,True,True,97.1,"$907,219","$909,082"
9,AL,07,Terri Sewell,D,True,True,97.2,"$2,168,165","$1,495,957"
10,AK,01,Don Young,R,True,True,54.4,"$1,922,901","$1,790,448"
11,AK,01,Alyse Galvin,I,False,False,45.3,"$5,178,452","$5,088,103"
12,AZ,01,Tom O'Halleran,D,True,True,51.6,"$3,381,353","$3,324,138"
13,AZ,01,Tiffany Shedd,R,False,False,48.4,"$1,675,618","$1,615,704"
14,AZ,02,Ann Kirkpatrick,D,True,True,55.1,"$1,849,862","$1,384,765"
15,AZ,02,Brandon Martin,R,False,False,44.9,"$374,821","$381,067"
16,AZ,03,Raul M Grijalva,D,True,True,64.6,"$843,560","$655,507"
17,AZ,03,Daniel Wood,R,False,False,35.4,"$41,422","$41,962"
18,AZ,04,Paul Gosar,R,True,True,69.8,"$622,151","$729,892"
19,AZ,04,Delina DiSanto,D,False,False,30.2,"$77,168","$79,758"
20,AZ,05,Andy Biggs,R,True,True,58.9,"$1,602,181","$1,236,380"
21,AZ,05,Joan Greene,D,False,False,41.1,"$356,069","$209,789"
22,AZ,06,David Schweikert,R,True,True,52.2,"$2,265,329","$2,249,979"
23,AZ,06,Hiral Tipirneni,D,False,False,47.8,"$6,301,073","$6,366,702"
24,AZ,07,Ruben Gallego,D,True,True,76.7,"$1,811,754","$1,653,961"
25,AZ,07,Josh Barnett,R,False,False,23.3,"$28,093","$17,883"
26,AZ,08,Debbie Lesko,R,True,True,59.6,"$1,605,245","$987,453"
27,AZ,08,Michael Muscato,D,False,False,40.4,"$357,906","$347,734"
28,AZ,09,Greg Stanton,D,True,True,61.6,"$2,001,619","$1,001,350"
29,AZ,09,Dave Giles,R,False,False,38.4,"$130,480","$129,935"
30,AR,01,Rick Crawford,R,True,True,100.0,"$966,801","$1,095,518"
31,AR,02,French Hill,R,True,True,55.4,"$3,384,490","$3,020,491"
32,AR,02,Joyce Elliott,D,False,False,44.6,"$3,482,463","$3,478,733"
33,AR,03,Steve Womack,R,True,True,64.3,"$1,127,158","$923,120"
34,AR,03,Celeste Williams,D,False,False,31.8,"$355,294","$355,294"
35,AR,04,Bruce Westerman,R,True,True,69.7,"$1,407,770","$1,102,573"
36,AR,04,William Hanson,D,False,False,27.5,"$109,767","$111,683"
37,CA,01,Doug LaMalfa,R,True,True,56.9,"$1,219,556","$1,155,945"
38,CA,01,Audrey Denney,D,False,False,43.1,"$2,461,769","$2,457,661"
39,CA,02,Jared Huffman,D,True,True,75.7,"$899,419","$797,753"
40,CA,02,Dale Mensing,R,False,False,24.3,"$5,921","$2,197"
41,CA,03,John Garamendi,D,True,True,54.7,"$1,054,066","$667,320"
42,CA,03,Tamika Hamilton,R,False,False,45.3,"$397,099","$384,584"
43,CA,04,Tom McClintock,R,True,True,55.9,"$2,053,363","$2,107,248"
44,CA,04,Brynne Kennedy,D,False,False,44.1,"$3,006,020","$3,002,532"
45,CA,05,Mike Thompson,D,True,True,76.8,"$2,208,136","$2,022,751"
46,CA,06,Doris Matsui,D,True,True,73.4,"$1,019,605","$1,073,529"
47,CA,06,Chris Bish,R,False,False,26.6,"$44,772","$44,554"
48,CA,07,Ami Bera,D,True,True,56.6,"$1,757,748","$1,053,444"
49,CA,07,Buzz Patterson,R,False,False,43.4,"$43,876","$29,614"
50,CA,08,Jay Obernolte,R,False,True,56.1,"$1,861,647","$1,792,064"
51,CA,08,Chris Bubser,D,False,False,43.9,"$1,858,001","$1,856,613"
52,CA,09,Jerry McNerney,D,True,True,57.6,"$1,177,959","$1,112,543"
53,CA,09,Tony Amador,R,False,False,42.4,"$52,175","$52,175"
54,CA,10,Josh Harder,D,True,True,55.2,"$7,400,135","$3,950,613"
55,CA,10,Ted Howze,R,False,False,44.8,"$1,426,552","$1,721,882"
56,CA,11,Mark Desaulnier,D,True,True,73.0,"$610,394","$440,537"
57,CA,11,Nisha Sharma,R,False,False,27.0,"$174,954","$171,870"
58,CA,12,Nancy Pelosi,D,True,True,77.6,"$27,359,508","$22,064,953"
59,CA,12,Shahid Buttar,D,False,False,22.4,"$1,672,876","$1,650,467"
60,CA,13,Barbara Lee,D,True,True,90.4,"$1,828,213","$1,750,142"
61,CA,13,Nikka Piterman,R,False,False,9.6,"$9,839","$9,904"
62,CA,14,Jackie Speier,D,True,True,79.3,"$942,934","$919,599"
63,CA,15,Eric Swalwell,D,True,True,70.9,"$2,807,774","$3,977,839"
64,CA,16,Jim Costa,D,True,True,59.3,"$2,135,525","$1,835,244"
65,CA,16,Kevin Cookingham,R,False,False,40.7,"$265,364","$265,364"
66,CA,17,Ro Khanna,D,True,True,71.3,"$3,837,982","$2,455,457"
67,CA,17,Ritesh Tandon,R,False,False,28.7,"$175,536","$175,015"
68,CA,18,Anna Eshoo,D,True,True,63.2,"$2,114,909","$2,059,158"
69,CA,18,Rishi Kumar,D,False,False,36.8,"$674,383","$691,938"
70,CA,19,Zoe Lofgren,D,True,True,71.7,"$1,755,555","$1,731,700"
71,CA,19,Justin Aguilera,R,False,False,28.3,"$9,112","$11,542"
72,CA,20,Jimmy Panetta,D,True,True,76.8,"$2,009,894","$1,592,671"
73,CA,20,Jeff Gorman,R,False,False,23.2,"$67,634","$64,947"
74,CA,21,TJ Cox,D,True,False,49.6,"$5,695,157","$5,694,005"
75,CA,21,David Valadao,R,False,True,50.4,"$4,067,880","$3,982,587"
76,CA,22,Devin Nunes,R,True,True,54.2,"$26,825,212","$20,156,093"
77,CA,22,Phil Arballo,D,False,False,45.8,"$5,091,451","$5,062,185"
78,CA,23,Kevin McCarthy,R,True,True,62.1,"$27,780,644","$24,265,583"
79,CA,23,Kim Mangone,D,False,False,37.9,"$1,671,101","$1,665,373"
80,CA,24,Salud Carbajal,D,True,True,58.7,"$2,117,836","$1,451,622"
81,CA,24,Andy Caldwell,R,False,False,41.3,"$1,298,798","$1,268,199"
82,CA,25,Mike Garcia,R,True,True,50.0,"$9,962,507","$9,584,648"
83,CA,25,Christy Smith,D,False,False,50.0,"$5,977,734","$5,808,477"
84,CA,26,Julia Brownley,D,True,True,60.6,"$1,976,695","$1,314,677"
85,CA,26,Ronda Kennedy,R,False,False,39.4,"$246,226","$67,208"
86,CA,27,Judy Chu,D,True,True,69.8,"$1,213,706","$956,298"
87,CA,27,Johnny Nalbandian,R,False,False,30.2,"$39,584","$39,159"
88,CA,28,Adam Schiff,D,True,True,72.7,"$19,382,855","$10,188,664"
89,CA,28,Eric Early,R,False,False,27.3,"$4,085,322","$3,790,027"
90,CA,29,Tony Cardenas,D,True,True,56.6,"$1,419,697","$1,213,588"
91,CA,30,Brad Sherman,D,True,True,69.5,"$1,513,374","$1,111,826"
92,CA,31,Pete Aguilar,D,True,True,61.3,"$2,475,748","$1,861,434"
93,CA,31,Agnes Gibboney,R,False,False,38.7,"$138,687","$127,907"
94,CA,32,Grace Napolitano,D,True,True,66.6,"$478,426","$251,047"
95,CA,32,Joshua Scott,R,False,False,33.4,"$23,624","$14,248"
96,CA,33,Ted Lieu,D,True,True,67.6,"$1,661,436","$1,582,573"
97,CA,33,James Bradley,R,False,False,32.4,"$78,910","$79,035"
98,CA,34,Jimmy Gomez,D,True,True,53.0,"$1,401,166","$1,268,312"
99,CA,34,David Kim,D,False,False,47.0,"$193,430","$80,381"
100,CA,35,Norma Torres,D,True,True,69.3,"$654,727","$664,600"
101,CA,35,Mike Cargile,R,False,False,30.7,"$36,113","$35,915"
102,CA,36,Raul Ruiz,D,True,True,60.3,"$2,402,624","$1,732,443"
103,CA,36,Erin Cruz,R,False,False,39.7,"$54,217","$53,840"
104,CA,37,Karen Bass,D,True,True,85.9,"$2,216,467","$1,202,942"
105,CA,37,Errol Webber,R,False,False,14.1,"$66,398","$174,076"
106,CA,38,Linda Sanchez,D,True,True,74.3,"$1,246,008","$1,140,165"
107,CA,39,Gil Cisneros,D,True,False,49.4,"$4,370,133","$4,350,464"
108,CA,39,Young Kim,R,False,True,50.6,"$6,424,556","$6,021,651"
109,CA,40,Lucille Roybal-Allard,D,True,True,72.7,"$739,790","$741,379"
110,CA,40,Antonio Delgado,R,False,False,27.3,"$85,014","$79,270"
111,CA,41,Mark Takano,D,True,True,64.0,"$1,020,456","$949,494"
112,CA,41,Aja Smith,R,False,False,36.0,"$660,658","$659,909"
113,CA,42,Ken Calvert,R,True,True,57.1,"$1,441,812","$1,549,113"
114,CA,42,Liam O'Mara,D,False,False,42.9,"$130,065","$128,782"
115,CA,43,Maxine Waters,D,True,True,71.7,"$1,836,660","$1,906,957"
116,CA,43,Joe Collins,R,False,False,28.3,"$10,556,626","$9,921,103"
117,CA,44,Nanette Barragan,D,True,True,67.8,"$1,173,909","$714,023"
118,CA,45,Katie Porter,D,True,True,53.5,"$16,627,706","$6,443,700"
119,CA,45,Greg Raths,R,False,False,46.5,"$1,245,767","$1,241,713"
120,CA,46,Lou Correa,D,True,True,68.8,"$1,192,715","$650,707"
121,CA,47,Alan Lowenthal,D,True,True,63.3,"$678,648","$854,902"
122,CA,47,John Briscoe,R,False,False,36.7,"$25,302","$21,538"
123,CA,48,Harley Rouda,D,True,False,48.9,"$5,968,858","$6,174,443"
124,CA,48,Michelle Steel,R,False,True,51.1,"$6,305,665","$6,148,591"
125,CA,49,Mike Levin,D,True,True,53.1,"$3,845,768","$2,901,566"
126,CA,49,Brian Maryott,R,False,False,46.9,"$2,810,253","$2,808,217"
127,CA,50,Darrell Issa,R,False,True,54.0,"$11,239,670","$10,947,106"
128,CA,50,Ammar Campa-Najjar,D,False,False,46.0,"$6,248,210","$6,247,762"
129,CA,51,Juan Vargas,D,True,True,68.3,"$799,734","$801,671"
130,CA,51,Juan Hidalgo,R,False,False,31.7,"$83,730","$81,182"
131,CA,52,Scott Peters,D,True,True,61.6,"$1,911,791","$2,131,849"
132,CA,52,James Debello,R,False,False,38.4,"$233,464","$224,630"
133,CA,53,Sara Jacobs,D,False,True,59.5,"$7,678,363","$7,586,186"
134,CA,53,Georgette Gomez,D,False,False,40.5,"$1,691,794","$1,663,252"
135,CO,01,Diana DeGette,D,True,True,73.7,"$1,201,026","$1,077,130"
136,CO,02,Joseph Neguse,D,True,True,61.5,"$1,353,325","$674,602"
137,CO,02,Charles Winn,R,False,False,35.4,"$98,338","$98,338"
138,CO,03,Diane Mitsch Bush,D,False,False,45.2,"$5,008,274","$4,984,238"
139,CO,03,Lauren Boebert,R,False,True,51.4,"$2,989,510","$2,632,716"
140,CO,04,Ken Buck,R,True,True,60.1,"$478,984","$539,393"
141,CO,04,Ike McCorkle,D,False,False,36.1,"$369,871","$217,398"
142,CO,05,Doug Lamborn,R,True,True,57.6,"$540,712","$329,011"
143,CO,05,Jillian Freeland,D,False,False,37.4,"$185,255","$175,548"
144,CO,06,Jason Crow,D,True,True,57.1,"$4,136,137","$2,892,443"
145,CO,06,Steven House,R,False,False,40.0,"$1,200,056","$1,198,044"
146,CO,07,Ed Perlmutter,D,True,True,59.1,"$1,632,262","$1,339,482"
147,CO,07,Casper Stockham,R,False,False,37.6,"$147,872","$147,872"
148,CT,01,John Larson,D,True,True,63.7,"$1,377,238","$1,323,690"
149,CT,01,Mary Fay,R,False,False,35.0,"$26,836","$25,118"
150,CT,02,Joe Courtney,D,True,True,59.4,"$964,731","$999,360"
151,CT,02,Justin Anderson,R,False,False,38.2,"$80,227","$78,767"
152,CT,03,Rosa DeLauro,D,True,True,58.7,"$1,938,999","$1,795,635"
153,CT,03,Margaret Streicker,R,False,False,39.8,"$1,839,080","$1,835,385"
154,CT,04,Jim Himes,D,True,True,62.3,"$1,612,935","$2,180,029"
155,CT,04,Jonathan Riddle,R,False,False,36.2,"$31,591","$17,385"
156,CT,05,Jahana Hayes,D,True,True,55.1,"$2,037,826","$1,564,685"
157,CT,05,David Sullivan,R,False,False,43.5,"$397,395","$397,370"
158,DE,01,Lisa Blunt Rochester,D,True,True,57.6,"$2,024,201","$1,305,618"
159,DE,01,Lee Murphy,R,False,False,40.2,"$131,394","$131,862"
160,DE,01,Catherine Purcell,I,False,False,1.4,"$5,344","$5,103"
161,FL,01,Matt Gaetz,R,True,True,64.6,"$5,946,646","$4,482,782"
162,FL,01,Phil Ehr,D,False,False,34.0,"$2,025,099","$1,900,451"
163,FL,01,Bert Oram,I,False,False,1.4,"$8,108","$7,070"
164,FL,02,Neal Dunn,R,True,True,98.0,"$653,488","$637,580"
165,FL,03,Kat Cammack,R,False,True,57.1,"$1,122,188","$1,090,334"
166,FL,03,Adam Christensen,D,False,False,42.9,"$216,021","$219,108"
167,FL,04,John Rutherford,R,True,True,61.1,"$1,024,912","$1,283,701"
168,FL,04,Donna Deegan,D,False,False,38.9,"$1,013,157","$1,013,157"
169,FL,05,Al Lawson,D,True,True,65.1,"$848,498","$695,779"
170,FL,05,Gary Adler,R,False,False,34.9,"$146,909","$146,909"
171,FL,06,Michael Waltz,R,True,True,60.6,"$2,549,667","$1,716,768"
172,FL,06,Clint Curtis,D,False,False,39.4,"$24,310","$22,251"
173,FL,07,Stephanie Murphy,D,True,True,55.3,"$3,124,692","$1,798,549"
174,FL,07,Leo Valentin,R,False,False,43.2,"$1,045,426","$1,031,316"
175,FL,07,Bill Garlington,I,False,False,1.4,"$11,000",$0
176,FL,08,Bill Posey,R,True,True,61.4,"$985,268","$1,121,834"
177,FL,08,James Kennedy,D,False,False,38.6,"$138,568","$138,790"
178,FL,09,Darren Soto,D,True,True,56.0,"$1,111,750","$945,868"
179,FL,09,William Olson,R,False,False,44.0,"$404,406","$401,088"
180,FL,10,Val Demings,D,True,True,63.6,"$1,876,047","$1,191,020"
181,FL,10,Vennia Francois,R,False,False,36.4,"$335,480","$332,852"
182,FL,11,Daniel Webster,R,True,True,66.7,"$691,261","$586,965"
183,FL,11,Dana Cottrell,D,False,False,33.3,"$62,658","$62,380"
184,FL,12,Gus Bilirakis,R,True,True,62.9,"$1,604,137","$1,548,634"
185,FL,12,Kim Walker,D,False,False,37.1,"$42,802","$33,544"
186,FL,13,Charlie Crist,D,True,True,53.0,"$2,720,646","$3,980,695"
187,FL,13,Anna Paulina Luna,R,False,False,47.0,"$3,302,944","$3,262,236"
188,FL,14,Kathy Castor,D,True,True,60.3,"$884,651","$1,201,653"
189,FL,14,Christine Quinn,R,False,False,39.7,"$242,144","$241,187"
190,FL,15,Alan Cohn,D,False,False,44.6,"$2,333,053","$2,300,197"
191,FL,15,Scott Franklin,R,False,True,55.4,"$1,663,898","$1,638,417"
192,FL,16,Vernon Buchanan,R,True,True,55.5,"$3,094,611","$3,100,766"
193,FL,16,Margaret Good,D,False,False,44.5,"$3,411,924","$3,407,845"
194,FL,17,Greg Steube,R,True,True,64.6,"$759,908","$621,200"
195,FL,17,Allen Ellison,D,False,False,34.1,"$83,481","$78,243"
196,FL,18,Brian Mast,R,True,True,56.4,"$6,128,177","$5,301,307"
197,FL,18,Pam Keith,D,False,False,41.5,"$1,639,873","$1,632,736"
198,FL,19,Byron Donalds,R,False,True,61.3,"$3,219,579","$2,738,685"
199,FL,19,Cindy Banyai,D,False,False,38.7,"$214,750","$203,430"
200,FL,20,Alcee Hastings,D,True,True,78.7,"$607,649","$543,316"
201,FL,20,Greg Musselwhite,R,False,False,21.3,"$28,955","$27,538"
202,FL,21,Lois Frankel,D,True,True,59.0,"$1,534,882","$1,309,786"
203,FL,21,Laura Loomer,R,False,False,39.1,"$2,271,604","$2,240,689"
204,FL,21,Charleston Malkemus,I,False,False,1.9,"$28,928","$28,636"
205,FL,22,Ted Deutch,D,True,True,58.6,"$1,364,438","$1,265,494"
206,FL,22,Jim Pruden,R,False,False,41.4,"$278,416","$278,416"
207,FL,23,Debbie Wasserman Schultz,D,True,True,58.2,"$2,191,922","$1,979,903"
208,FL,23,Carla Spalding,R,False,False,41.8,"$919,579","$903,561"
209,FL,24,Frederica Wilson,D,True,True,75.6,"$412,592","$321,019"
210,FL,24,Lavern Spicer,R,False,False,20.4,"$34,973","$34,909"
211,FL,24,Christine Olivo,I,False,False,4.0,"$31,646","$32,898"
212,FL,25,Mario Diaz-Balart,R,True,True,100.0,"$1,590,134","$804,054"
213,FL,26,Debbie Mucarsel-Powell,D,True,False,48.3,"$6,793,521","$6,822,740"
214,FL,26,Carlos Gimenez,R,False,True,51.7,"$2,226,559","$2,187,389"
215,FL,27,Donna Shalala,D,True,False,48.6,"$3,842,907","$3,735,966"
216,FL,27,Maria Salazar,R,False,True,51.4,"$3,654,190","$3,645,814"
217,GA,01,Buddy Carter,R,True,True,58.4,"$2,315,487","$1,734,754"
218,GA,01,Joyce Griggs,D,False,False,41.7,"$130,043","$125,000"
219,GA,02,Sanford Bishop,D,True,True,59.1,"$1,540,683","$1,440,571"
220,GA,02,Don Cole,R,False,False,40.9,"$164,274","$162,522"
221,GA,03,Drew Ferguson,R,True,True,65.0,"$2,374,212","$2,150,911"
222,GA,03,Val Almonord,D,False,False,35.0,"$35,762","$31,946"
223,GA,04,Hank Johnson,D,True,True,80.1,"$628,303","$490,360"
224,GA,04,Johsira C. Cruz,R,False,False,19.9,"$12,954","$23,146"
225,GA,05,Nikema Williams,D,False,True,85.2,"$553,964","$362,801"
226,GA,05,Angela Stanton-King,R,False,False,14.9,"$305,279","$301,338"
227,GA,06,Lucy McBath,D,True,True,54.6,"$8,507,298","$8,586,054"
228,GA,06,Karen Handel,R,False,False,45.4,"$3,026,243","$3,072,932"
229,GA,07,Carolyn Bourdeaux,D,False,True,54.4,"$5,133,244","$5,161,230"
230,GA,07,Richard McCormick,R,False,False,48.6,"$2,595,446","$2,563,724"
231,GA,08,Austin Scott,R,True,True,64.5,"$821,745","$716,159"
232,GA,09,Andrew Clyde,R,False,True,78.6,"$1,569,425","$1,561,316"
233,GA,09,Devin Pandy,D,False,False,21.4,"$84,272","$84,623"
234,GA,10,Jody Hice,R,True,True,62.3,"$595,947","$457,648"
235,GA,10,Tabitha Johnson-Green,D,False,False,37.7,"$14,808","$12,214"
236,GA,11,Barry Loudermilk,R,True,True,60.4,"$877,767","$700,851"
237,GA,11,Dana Barrett,D,False,False,39.6,"$404,625","$394,977"
238,GA,12,Richard W Allen,R,True,True,58.4,"$1,228,970","$662,818"
239,GA,12,Liz Johnson,D,False,False,41.6,"$72,061","$72,061"
240,GA,13,David Scott,D,True,True,77.4,"$1,209,614","$1,131,746"
241,GA,13,Becky Hites,R,False,False,22.6,"$63,509","$62,935"
242,GA,14,Marjorie Taylor Greene,R,False,True,74.8,"$2,596,914","$2,237,599"
243,HI,01,Ed Case,D,True,False,64.7,"$508,249","$472,569"
244,HI,01,Ron Curtis,R,False,False,25.1,"$12,538","$12,647"
245,HI,02,Kai Kahele,D,False,True,57.9,"$1,235,523","$1,039,637"
246,HI,02,Joe Akana,R,False,False,28.3,"$54,534","$55,344"
247,ID,01,Russ Fulcher,R,True,True,67.8,"$575,485","$508,457"
248,ID,01,Rudy Soto,D,False,False,28.7,"$302,902","$302,902"
249,ID,02,Mike Simpson,R,True,True,64.1,"$1,008,847","$1,099,604"
250,ID,02,Aaron Swisher,D,False,False,31.7,"$70,674","$70,268"
251,IL,01,Bobby Rush,D,True,True,73.8,"$541,435","$496,454"
252,IL,01,Philanise White,R,False,False,26.2,"$6,289","$5,048"
253,IL,02,Robin Kelly,D,True,True,78.8,"$1,634,783","$1,108,137"
254,IL,03,Marie Newman,D,False,True,56.4,"$2,802,093","$2,699,323"
255,IL,03,Mike Fricilone,R,False,False,43.6,"$128,458","$127,980"
256,IL,04,Jesus Garcia,D,True,True,16.0,"$822,846","$711,159"
257,IL,04,Jesus Solorio Jr,R,False,False,84.0,"$2,065",$843
258,IL,05,Mike Quigley,D,True,True,70.8,"$1,171,507","$926,655"
259,IL,06,Sean Casten,D,True,True,52.8,"$5,582,179","$5,313,570"
260,IL,06,Jeanne Ives,R,False,False,45.4,"$3,157,771","$3,135,464"
261,IL,07,Danny K Davis,D,True,True,80.4,"$544,690","$505,506"
262,IL,08,Raja Krishnamoorthi,D,True,True,73.2,"$6,358,878","$2,207,703"
263,IL,09,Jan Schakowsky,D,True,True,71.0,"$1,834,801","$1,514,838"
264,IL,09,Sargis Sangari,R,False,False,29.0,"$35,364","$34,715"
265,IL,10,Brad Schneider,D,True,True,63.8,"$3,459,512","$2,873,333"
266,IL,10,Valerie Ramirez Mukherjee,R,False,False,36.2,"$130,225","$64,764"
267,IL,11,Bill Foster,D,True,True,63.3,"$2,381,354","$1,823,906"
268,IL,11,Rick Laib,R,False,False,36.7,"$20,343","$20,064"
269,IL,12,Mike Bost,R,True,True,60.6,"$1,918,041","$1,509,573"
270,IL,12,Ray Lenzi,D,False,False,39.4,"$161,324","$104,809"
271,IL,13,Rodney Davis,R,True,True,54.4,"$4,943,459","$4,822,600"
272,IL,13,Betsy Dirksen Londrigan,D,False,False,45.6,"$5,297,007","$5,281,880"
273,IL,14,Lauren A Underwood,D,True,True,50.7,"$7,803,579","$7,301,503"
274,IL,14,Jim Oberweis,R,False,False,49.3,"$2,438,857","$2,348,798"
275,IL,15,Mary Miller,R,False,True,73.5,"$689,057","$570,356"
276,IL,15,Erika Weaver,D,False,False,26.5,"$58,689","$23,349"
277,IL,16,Adam Kinzinger,R,True,True,64.8,"$2,105,736","$1,588,550"
278,IL,16,Dani Brzozowski,D,False,False,35.2,"$459,344","$376,167"
279,IL,17,Cheri Bustos,D,True,True,52.0,"$4,975,192","$6,391,009"
280,IL,17,Esther Joy King,R,False,False,48.0,"$2,032,878","$2,030,587"
281,IN,01,Frank Mrvan Jr,D,False,True,56.6,"$578,635","$464,407"
282,IN,01,Mark Leyva,R,False,False,40.4,"$16,551","$15,343"
283,IN,02,Jackie Walorski,R,True,True,61.5,"$2,383,467","$1,698,202"
284,IN,02,Pat Hackett,D,False,False,38.5,"$881,888","$867,301"
285,IN,03,Jim Banks,R,True,True,67.8,"$1,202,509","$769,591"
286,IN,03,Chip Coldiron,D,False,False,32.2,"$94,056","$89,883"
287,IN,04,Jim Baird,R,True,True,66.6,"$327,727","$190,158"
288,IN,04,Joe Mackey,D,False,False,33.4,"$44,585","$43,213"
289,IN,05,Christina Hale,D,False,False,45.9,"$4,010,368","$3,998,905"
290,IN,05,Victoria Spartz,R,False,True,50.0,"$3,119,328","$3,010,203"
291,IN,06,Greg Pence,R,True,True,68.7,"$3,114,448","$2,804,148"
292,IN,06,Jeannine Lee Lake,D,False,False,27.7,"$143,089","$145,315"
293,IN,07,Andre Carson,D,True,True,62.4,"$1,011,635","$873,962"
294,IN,07,Susan Marie Smith,R,False,False,37.6,"$62,905","$59,843"
295,IN,08,Larry Bucshon,R,True,True,66.9,"$1,051,336","$1,078,646"
296,IN,08,Thomasina Marsili,D,False,False,29.8,"$68,734","$68,480"
297,IN,09,Trey Hollingsworth,R,True,True,60.9,"$1,166,754","$501,136"
298,IN,09,Andy Ruff,D,False,False,34.8,"$148,263","$134,906"
299,IA,01,Abby Finkenauer,D,True,False,48.7,"$5,901,441","$5,875,405"
300,IA,01,Ashley Hinson,R,False,True,51.3,"$5,175,883","$5,059,211"
301,IA,02,Rita Hart,D,False,False,50.0,"$4,232,992","$4,114,400"
302,IA,02,Mariannette Miller-Meeks,R,False,True,50.0,"$2,174,194","$1,721,926"
303,IA,03,Cindy Axne,D,True,True,49.0,"$6,236,976","$6,236,994"
304,IA,03,David Young,R,False,False,47.6,"$3,170,072","$3,094,582"
305,IA,04,J.D. Scholten,D,False,False,62.1,"$2,885,915","$2,902,003"
306,IA,04,Randy Feenstra,R,False,True,37.9,"$1,906,234","$1,894,288"
307,KS,01,Tracey Mann,R,False,True,71.4,"$1,403,353","$1,127,156"
308,KS,01,Kali Barnett,D,False,False,28.6,"$603,036","$592,924"
309,KS,02,Michelle De La Isla,D,False,False,40.5,"$1,825,085","$1,810,968"
310,KS,02,Jake Laturner,R,False,True,55.3,"$1,593,407","$1,578,460"
311,KS,03,Sharice Davids,D,True,True,53.4,"$5,638,552","$5,168,034"
312,KS,03,Amanda Adkins,R,False,False,43.8,"$2,182,382","$2,139,673"
313,KS,04,Ron Estes,R,True,True,64.0,"$1,993,808","$1,420,188"
314,KS,04,Laura Lombard,D,False,False,36.0,"$264,459","$258,684"
315,KY,01,James Comer,R,True,True,75.0,"$736,116","$502,554"
316,KY,02,Brett Guthrie,R,True,True,71.0,"$1,412,797","$1,566,622"
317,KY,02,Hank Linderman,D,False,False,26.3,"$93,388","$71,122"
318,KY,03,John Yarmuth,D,True,True,62.7,"$658,295","$690,226"
319,KY,03,Rhonda Palazzo,R,False,False,37.3,"$46,144","$45,668"
320,KY,04,Thomas Massie,R,True,True,67.1,"$1,457,316","$1,563,275"
321,KY,04,Alexandra Owensby,D,False,False,32.9,"$156,174","$106,359"
322,KY,05,Hal Rogers,R,True,True,84.2,"$664,168","$835,781"
323,KY,06,Andy Barr,R,True,True,57.3,"$4,536,264","$4,316,239"
324,KY,06,Josh Hicks,D,False,False,41.0,"$2,936,320","$2,935,615"
325,LA,01,Steve Scalise,R,True,True,72.2,"$37,262,827","$32,830,607"
326,LA,02,Cedric Richmond,D,True,True,63.6,"$1,628,289","$1,302,079"
327,LA,03,Clay Higgins,R,True,True,67.8,"$751,498","$720,424"
328,LA,03,Robert Jon Anderson,D,False,False,11.6,"$63,617","$48,015"
329,LA,03,Braylon Harris,D,False,False,17.9,"$23,006","$15,130"
330,LA,04,Mike Johnson,R,True,True,60.4,"$1,299,787","$1,039,393"
331,LA,04,Kenny Houston,D,False,False,25.5,"$33,677","$33,407"
332,LA,06,Garret Graves,R,True,True,71.1,"$1,743,015","$1,200,287"
333,LA,06,Dartanyon Williams,D,False,False,25.6,"$111,316","$98,114"
334,ME,01,Chellie Pingree,D,True,True,61.5,"$487,080","$264,790"
335,ME,01,Jay Allen,R,False,False,38.5,"$79,585","$69,853"
336,ME,02,Jared Golden,D,True,True,52.9,"$5,272,142","$5,233,990"
337,ME,02,Dale Crafts,R,False,False,47.1,"$1,199,805","$1,196,117"
338,MD,01,Andy Harris,R,True,True,63.5,"$1,468,096","$973,953"
339,MD,01,Mia Mason,D,False,False,36.3,"$2,524",$0
340,MD,02,Dutch Ruppersberger,D,True,True,67.2,"$1,012,835","$927,353"
341,MD,02,Johnny Ray Salling,R,False,False,32.6,"$68,320","$66,895"
342,MD,03,John Sarbanes,D,True,True,69.5,"$573,599","$687,299"
343,MD,03,Charles Anthony,R,False,False,30.3,"$7,798","$6,742"
344,MD,04,Anthony Brown,D,True,True,79.3,"$1,446,636","$846,827"
345,MD,05,Steny H Hoyer,D,True,True,68.5,"$4,587,189","$4,342,255"
346,MD,05,Chris Palombi,R,False,False,31.2,"$43,462","$42,095"
347,MD,06,David Trone,D,True,True,57.9,"$2,944,893","$2,959,748"
348,MD,06,Neil Parrott,R,False,False,40.2,"$315,936","$261,259"
349,MD,07,Kweisi Mfume,D,True,True,71.6,"$1,014,126","$713,389"
350,MD,07,Kimberly Klacik,R,False,False,28.1,"$8,296,845","$7,499,454"
351,MD,08,Jamie Raskin,D,True,True,67.3,"$2,072,652","$1,399,252"
352,MD,08,Gregory Coll,R,False,False,32.5,"$30,876","$27,257"
353,MA,01,Richard E Neal,D,True,True,96.5,"$4,949,384","$5,873,122"
354,MA,02,James P McGovern,D,True,True,65.3,"$1,052,549","$1,089,412"
355,MA,02,Tracy Lovvorn,R,False,False,34.6,"$26,311","$22,319"
356,MA,03,Lori Trahan,D,True,True,97.7,"$1,449,303","$1,232,437"
357,MA,04,Jake Auchincloss,D,False,True,60.8,"$2,608,686","$2,150,904"
358,MA,04,Julie Hall,R,False,False,38.9,"$131,603","$129,378"
359,MA,05,Katherine Clark,D,True,True,74.3,"$1,788,706","$1,514,877"
360,MA,05,Caroline Colarusso,R,False,False,25.6,"$148,635","$146,972"
361,MA,06,Seth Moulton,D,True,True,65.4,"$1,289,805","$1,802,169"
362,MA,06,John Paul Moran,R,False,False,34.4,"$300,220","$299,104"
363,MA,07,Ayanna Pressley,D,True,True,86.6,"$2,163,370","$1,748,432"
364,MA,08,Stephen Lynch,D,True,True,80.7,"$905,614","$1,134,662"
365,MA,09,Bill Keating,D,True,True,61.3,"$708,680","$652,448"
366,MA,09,Helen Brady,R,False,False,36.3,"$28,233","$23,735"
367,MI,01,John Bergman,R,True,True,61.6,"$1,868,512","$1,733,466"
368,MI,01,Dana Ferguson,D,False,False,36.9,"$346,213","$339,788"
369,MI,02,Bill Huizenga,R,True,True,59.2,"$2,175,411","$1,883,610"
370,MI,02,Bryan Berghoef,D,False,False,38.2,"$751,576","$669,864"
371,MI,03,Hillary Scholten,D,False,False,47.0,"$3,793,132","$3,765,942"
372,MI,03,Peter Meijer,R,False,True,53.0,"$2,975,972","$2,887,774"
373,MI,04,John Moolenaar,R,True,True,65.0,"$1,528,612","$1,036,160"
374,MI,04,Jerry Hilliard,D,False,False,32.4,"$23,117","$23,603"
375,MI,05,Dan Kildee,D,True,True,54.5,"$1,669,951","$1,504,094"
376,MI,05,Tim Kelly,R,False,False,41.7,"$71,106","$71,106"
377,MI,06,Fred Upton,R,True,True,55.8,"$3,616,380","$3,464,617"
378,MI,06,Jon Hoadley,D,False,False,40.1,"$3,116,491","$3,098,366"
379,MI,07,Tim Walberg,R,True,True,58.8,"$2,301,635","$1,586,358"
380,MI,07,Gretchen Driskell,D,False,False,41.3,"$1,712,840","$1,712,840"
381,MI,08,Elissa Slotkin,D,True,True,50.9,"$8,967,420","$7,419,974"
382,MI,08,Paul Junge,R,False,False,47.3,"$2,107,608","$2,097,131"
383,MI,09,Andy Levin,D,True,True,57.8,"$1,316,607","$907,237"
384,MI,10,Lisa McClain,R,False,True,66.3,"$2,266,287","$2,137,031"
385,MI,10,Kimberly Bizon,D,False,False,33.7,"$41,438","$41,246"
386,MI,11,Haley Stevens,D,True,True,50.2,"$5,776,924","$5,707,448"
387,MI,11,Eric Esshaki,R,False,False,47.8,"$1,298,612","$1,291,509"
388,MI,12,Debbie Dingell,D,True,True,66.4,"$1,630,498","$1,689,582"
389,MI,12,Jeff Jones,R,False,False,30.7,"$10,616","$9,657"
390,MI,13,Rashida Tlaib,D,True,True,77.9,"$4,014,411","$3,690,334"
391,MI,14,Brenda Lawrence,D,True,True,78.9,"$1,084,662","$789,570"
392,MI,14,Vance Patrick,R,False,False,18.7,"$39,670","$41,973"
393,MN,01,Jim Hagedorn,R,True,True,48.6,"$2,386,033","$2,305,994"
394,MN,01,Daniel Feehan,D,False,False,45.5,"$4,861,651","$4,863,835"
395,MN,02,Angie Craig,D,True,True,48.2,"$5,380,101","$4,435,492"
396,MN,02,Tyler Kistner,R,False,False,45.9,"$2,990,054","$2,956,042"
397,MN,03,Dean Phillips,D,True,True,55.6,"$2,328,616","$2,152,031"
398,MN,03,Kendall Qualls,R,False,False,44.3,"$1,863,927","$1,751,214"
399,MN,04,Betty McCollum,D,True,True,63.2,"$1,171,748","$994,072"
400,MN,04,Gene Rechtzigel,R,False,False,29.0,"$20,075","$20,075"
401,MN,05,Ilhan Omar,D,True,True,64.3,"$5,718,517","$5,605,576"
402,MN,05,Lacy Johnson,R,False,False,25.8,"$12,050,564","$12,000,896"
403,MN,06,Tom Emmer,R,True,True,65.5,"$2,804,265","$2,537,612"
404,MN,06,Tawnja Zahradka,D,False,False,34.3,"$49,242","$49,214"
405,MN,07,Collin Peterson,D,True,False,39.9,"$2,714,012","$2,867,577"
406,MN,07,Michelle Fischbach,R,False,True,53.4,"$2,618,450","$2,580,501"
407,MN,08,Pete Stauber,R,True,True,56.7,"$2,593,190","$2,608,759"
408,MN,08,Quinn Nystrom,D,False,False,37.6,"$1,530,606","$1,527,005"
409,MS,01,Trent Kelly,R,True,True,68.7,"$876,882","$826,673"
410,MS,01,Antonia Eliason,D,False,False,31.3,"$22,281","$18,174"
411,MS,02,Bennie G Thompson,D,True,True,66.0,"$1,377,392","$1,096,904"
412,MS,03,Michael Guest,R,True,True,64.7,"$766,807","$518,162"
413,MS,04,Steven Palazzo,R,True,True,100.0,"$817,129","$747,217"
414,MO,01,Cori Bush,D,False,True,78.8,"$1,418,014","$1,333,512"
415,MO,02,Ann Wagner,R,True,True,52.0,"$5,598,287","$6,513,101"
416,MO,02,Jill Schupp,D,False,False,45.4,"$4,850,948","$4,830,434"
417,MO,03,Blaine Luetkemeyer,R,True,True,69.4,"$2,022,905","$2,081,391"
418,MO,04,Vicky Hartzler,R,True,True,67.6,"$1,700,978","$1,335,607"
419,MO,04,Lindsey Simmons,D,False,False,29.7,"$395,934","$384,622"
420,MO,05,Emanuel Cleaver,D,True,True,58.5,"$1,393,847","$928,061"
421,MO,05,Ryan Derks,R,False,False,38.7,"$76,488","$76,488"
422,MO,06,Sam Graves,R,True,True,67.1,"$1,959,516","$1,654,756"
423,MO,06,Gena Ross,D,False,False,30.8,"$10,170","$10,530"
424,MO,07,Billy Long,R,True,True,68.7,"$1,320,420","$1,518,234"
425,MO,08,Jason Smith,R,True,True,76.9,"$1,900,227","$1,514,786"
426,MO,08,Kathryn Ellis,D,False,False,21.4,"$302,428","$305,387"
427,MT,01,Kathleen Williams,D,False,False,43.6,"$6,201,758","$6,232,286"
428,MT,01,Matt Rosendale,R,False,True,56.4,"$3,674,706","$3,488,045"
429,NE,01,Jeff Fortenberry,R,True,True,59.5,"$1,472,816","$2,458,330"
430,NE,01,Kate Bolz,D,False,False,37.7,"$1,143,509","$1,140,371"
431,NE,02,Don Bacon,R,True,True,50.6,"$3,749,272","$3,713,961"
432,NE,02,Kara Eastman,D,False,False,46.3,"$4,414,390","$4,468,006"
433,NE,03,Adrian Smith,R,True,True,78.5,"$1,506,473","$1,148,409"
434,NE,03,Mark Elworth Jr,D,False,False,17.7,$255,$0
435,NV,01,Dina Titus,D,True,True,61.8,"$706,193","$587,919"
436,NV,02,Mark Amodei,R,True,True,56.5,"$1,048,056","$1,016,673"
437,NV,02,Patricia Ackerman,D,False,False,40.7,"$449,363","$449,449"
438,NV,03,Susie Lee,D,True,True,48.8,"$4,748,019","$4,732,009"
439,NV,03,Dan Rodimer,R,False,False,45.8,"$2,936,059","$2,915,216"
440,NV,04,Steven Horsford,D,True,True,50.7,"$3,492,372","$3,024,427"
441,NV,04,Jim Marchant,R,False,False,45.8,"$1,462,772","$1,419,405"
442,NH,01,Chris Pappas,D,True,True,51.3,"$3,205,731","$3,105,663"
443,NH,01,Matt Mowers,R,False,False,46.2,"$1,707,214","$1,698,761"
444,NH,02,Ann Kuster,D,True,True,53.9,"$2,960,033","$2,970,274"
445,NH,02,Steve Negron,R,False,False,43.7,"$368,177","$378,959"
446,NJ,01,Don Norcross,D,True,True,62.5,"$2,221,989","$1,087,264"
447,NJ,01,Claire Gustafson,R,False,False,37.5,"$36,520","$21,761"
448,NJ,02,Jeff Van Drew,R,True,True,51.9,"$4,229,171","$4,041,493"
449,NJ,02,Amy Kennedy,D,False,False,46.2,"$4,984,376","$4,978,913"
450,NJ,03,Andy Kim,D,True,True,53.2,"$7,241,283","$6,753,262"
451,NJ,03,David Richter,R,False,False,45.5,"$1,473,669","$1,470,648"
452,NJ,04,Chris Smith,R,True,True,59.9,"$1,383,085","$1,284,522"
453,NJ,04,Stephanie Schmid,D,False,False,38.3,"$699,580","$658,011"
454,NJ,05,Josh Gottheimer,D,True,True,53.2,"$7,694,027","$3,487,964"
455,NJ,05,Frank Pallotta,R,False,False,45.6,"$1,972,033","$1,948,705"
456,NJ,05,Louis A. Vellucci,I,False,False,1.2,"$5,456","$5,342"
457,NJ,06,Frank Pallone Jr.,D,True,True,61.2,"$3,231,755","$2,021,737"
458,NJ,07,Tom Malinowski,D,True,True,50.6,"$7,414,403","$7,423,758"
459,NJ,07,Tom Kean,R,False,False,49.4,"$3,869,121","$3,775,442"
460,NJ,08,Albio Sires,D,True,True,74.0,"$605,810","$551,325"
461,NJ,09,Bill Pascrell Jr.,D,True,True,65.8,"$1,560,550","$1,795,410"
462,NJ,09,Billy Prempeh,R,False,False,31.9,"$44,269","$35,075"
463,NJ,10,Donald M Payne Jr.,D,True,True,83.3,"$593,735","$457,252"
464,NJ,11,Mikie Sherrill,D,True,True,53.3,"$6,419,707","$3,733,106"
465,NJ,11,Rosemary Becchi,R,False,False,46.7,"$1,687,532","$1,686,236"
466,NJ,12,Bonnie Watson Coleman,D,True,True,65.6,"$798,439","$840,651"
467,NJ,12,Mark Razzoli,R,False,False,32.6,"$3,065","$1,142"
468,NM,01,Debra Haaland,D,True,True,58.1,"$2,246,734","$1,875,766"
469,NM,01,Michelle Garcia Holmes,R,False,False,41.9,"$257,294","$245,590"
470,NM,02,Xochitl Torres Small,D,True,False,46.3,"$8,387,337","$8,539,065"
471,NM,02,Yvette Herrell,R,False,True,53.7,"$2,805,711","$2,921,785"
472,NM,03,Teresa Leger Fernandez,D,False,True,58.7,"$2,296,594","$2,132,010"
473,NM,03,Alexis Johnson,R,False,False,41.3,"$147,303","$147,303"
474,NY,01,Lee Zeldin,R,True,True,55.9,"$8,396,981","$8,250,116"
475,NY,01,Nancy Goroff,D,False,False,44.1,"$7,866,239","$7,860,977"
476,NY,02,Jackie Gordon,D,False,False,46.0,"$4,351,881","$4,334,484"
477,NY,02,Andrew Garbarino,R,False,True,52.9,"$1,743,986","$1,612,132"
478,NY,03,Tom Suozzi,D,True,True,53.2,"$2,941,006","$2,331,302"
479,NY,03,George Santos,R,False,False,46.2,"$658,883","$591,239"
480,NY,04,Kathleen Rice,D,True,True,52.0,"$1,106,258","$1,210,410"
481,NY,04,Douglas Tuman,R,False,False,47.3,"$134,937","$130,995"
482,NY,05,Gregory Meeks,D,True,True,99.0,"$2,097,572","$1,467,454"
483,NY,06,Grace Meng,D,True,True,62.6,"$1,292,084","$1,872,311"
484,NY,06,Thomas Zmich,R,False,False,37.4,"$133,403","$131,278"
485,NY,07,Nydia Velazquez,D,True,True,83.0,"$803,217","$676,248"
486,NY,08,Hakeem Jeffries,D,True,True,82.5,"$4,168,717","$3,293,077"
487,NY,09,Yvette Clarke,D,True,True,81.5,"$1,200,067","$1,190,143"
488,NY,10,Jerrold Nadler,D,True,True,68.5,"$1,848,688","$1,950,774"
489,NY,10,Cathy Bernstein,R,False,False,30.1,"$49,975","$28,384"
490,NY,11,Max Rose,D,True,False,42.0,"$9,284,434","$9,499,242"
491,NY,11,Nicole Malliotakis,R,False,True,57.8,"$3,469,995","$3,447,052"
492,NY,12,Carolyn Maloney,D,True,True,78.9,"$3,067,173","$3,059,202"
493,NY,13,Adriano Espaillat,D,True,True,86.0,"$1,087,237","$1,252,740"
494,NY,13,Lovelynn Gwinn,R,False,False,8.0,"$39,384","$39,384"
495,NY,14,Alexandria Ocasio-Cortez,D,True,True,68.7,"$20,664,795","$16,735,422"
496,NY,14,John C. Cummings,R,False,False,30.5,"$11,140,937","$10,947,758"
497,NY,15,Ritchie Torres,D,False,True,88.2,"$2,194,025","$1,804,336"
498,NY,16,Jamaal Bowman,D,False,True,82.9,"$2,878,898","$2,801,424"
499,NY,17,Mondaire Jones,D,False,True,54.1,"$2,984,052","$2,186,463"
500,NY,17,Maureen McArdle Schulman,R,False,False,39.8,"$54,732","$60,084"
501,NY,18,Sean Patrick Maloney,D,True,True,51.8,"$2,556,294","$1,718,525"
502,NY,18,Chele Farley,R,False,False,47.3,"$1,186,211","$1,152,124"
503,NY,18,Scott Smith,I,False,False,0.9,"$8,718","$8,403"
504,NY,19,Antonio Delgado,D,True,True,51.5,"$5,949,475","$2,963,286"
505,NY,19,Kyle Van De Water,R,False,False,45.9,"$153,796","$120,097"
506,NY,20,Paul Tonko,D,True,True,56.5,"$1,541,984","$1,418,994"
507,NY,20,Elizabeth Joy,R,False,False,43.4,"$370,852","$336,845"
508,NY,21,Elise Stefanik,R,True,True,64.4,"$13,287,248","$11,655,936"
509,NY,21,Tedra Cobb,D,False,False,35.6,"$5,586,793","$5,593,266"
510,NY,23,Tom Reed,R,True,True,57.7,"$3,275,177","$3,145,027"
511,NY,23,Tracy Mitrano,D,False,False,41.4,"$1,450,322","$1,466,128"
512,NY,24,John Katko,R,True,True,53.1,"$3,821,107","$3,597,234"
513,NY,24,Dana Balter,D,False,False,43.0,"$3,212,469","$3,230,808"
514,NY,25,Joseph D Morelle,D,True,True,59.3,"$1,375,366","$1,274,426"
515,NY,25,George Mitris,R,False,False,39.1,"$301,376","$279,047"
516,NY,26,Brian Higgins,D,True,True,69.8,"$1,124,168","$984,106"
517,NY,27,Chris Jacobs,R,True,True,59.7,"$2,147,101","$2,084,271"
518,NY,27,Nate McMurray,D,False,False,39.0,"$1,150,058","$1,097,111"
519,NC,01,G K Butterfield,D,True,True,54.2,"$1,032,869","$880,420"
520,NC,01,Sandy Smith,R,False,False,45.8,"$1,458,375","$1,437,805"
521,NC,02,Deborah Ross,D,False,True,63.0,"$2,268,381","$1,816,923"
522,NC,02,Alan Swain,R,False,False,34.8,"$119,664","$119,435"
523,NC,03,Greg Murphy,R,True,True,63.4,"$1,767,790","$1,505,559"
524,NC,04,David Price,D,True,True,67.3,"$1,161,738","$1,014,872"
525,NC,05,Virginia Foxx,R,True,True,66.9,"$1,858,388","$1,944,629"
526,NC,05,David Wilson Brown,D,False,False,31.1,"$61,596","$60,668"
527,NC,06,Kathy Manning,D,False,True,62.3,"$2,002,284","$1,695,596"
528,NC,06,Lee Haywood,R,False,False,37.7,"$73,878","$58,342"
529,NC,07,David Rouzer,R,True,True,60.3,"$1,628,458","$1,038,883"
530,NC,07,Christopher Ward,D,False,False,39.6,"$16,260","$4,119"
531,NC,08,Richard Hudson,R,True,True,53.3,"$4,135,872","$4,359,009"
532,NC,08,Patricia Timmons-Goodson,D,False,False,46.7,"$3,855,743","$3,852,668"
533,NC,09,Dan Bishop,R,True,True,55.6,"$4,090,260","$4,029,864"
534,NC,09,Cynthia Wallace,D,False,False,44.4,"$811,609","$794,300"
535,NC,10,Patrick McHenry,R,True,True,68.9,"$2,780,234","$2,339,363"
536,NC,10,David Parker,D,False,False,31.1,"$30,555","$30,555"
537,NC,11,Madison Cawthorn,R,False,True,54.5,"$4,478,970","$4,366,783"
538,NC,11,Moe Davis,D,False,False,42.3,"$2,251,413","$2,148,121"
539,NC,12,Alma Adams,D,True,True,100.0,"$824,124","$651,883"
540,NC,13,Ted Budd,R,True,True,68.2,"$2,294,174","$1,293,414"
541,NC,13,Scott Huffman,D,False,False,31.8,"$193,334","$189,967"
542,ND,01,Kelly Armstrong,R,True,True,69.0,"$1,269,346","$1,080,105"
543,ND,01,Zach Raknerud,D,False,False,27.6,"$28,047","$26,029"
544,OH,01,Steve Chabot,R,True,True,51.8,"$3,177,647","$2,861,464"
545,OH,01,Kate Schroder,D,False,False,44.7,"$4,040,303","$4,039,798"
546,OH,02,Brad Wenstrup,R,True,True,61.1,"$1,794,354","$1,757,078"
547,OH,02,Jaime Castle,D,False,False,38.9,"$284,197","$271,471"
548,OH,03,Joyce Beatty,D,True,True,70.8,"$2,237,887","$2,540,687"
549,OH,03,Nicholas Moss,I,False,False,0.0,"$1,258","$1,248"
550,OH,04,Jim Jordan,R,True,True,67.9,"$18,313,823","$12,945,651"
551,OH,05,Bob Latta,R,True,True,68.0,"$1,580,952","$1,477,090"
552,OH,05,Nick Rubando,D,False,False,32.0,"$249,319","$247,423"
553,OH,06,Bill Johnson,R,True,True,74.4,"$1,866,123","$1,853,361"
554,OH,06,Shawna Roberts,D,False,False,25.6,$262,$574
555,OH,07,Bob Gibbs,R,True,True,67.5,"$791,888","$453,928"
556,OH,07,Quentin Potter,D,False,False,29.2,"$12,976","$12,976"
557,OH,08,Warren Davidson,R,True,True,69.0,"$1,016,740","$841,533"
558,OH,08,Vanessa Enoch,D,False,False,31.0,"$40,270","$37,546"
559,OH,09,Marcy Kaptur,D,True,True,63.1,"$1,090,395","$979,798"
560,OH,09,Rob Weber,R,False,False,36.9,"$134,898","$123,262"
561,OH,10,Michael R Turner,R,True,True,58.4,"$1,752,255","$1,736,283"
562,OH,10,Desiree Tims,D,False,False,41.6,"$2,040,760","$2,024,010"
563,OH,11,Marcia Fudge,D,True,True,80.1,"$755,787","$499,820"
564,OH,11,Laverne Gore,R,False,False,20.0,"$157,044","$156,827"
565,OH,12,Troy Balderson,R,True,True,55.2,"$2,016,826","$1,995,665"
566,OH,12,Alaina Shearer,D,False,False,41.8,"$1,033,711","$1,025,410"
567,OH,13,Tim Ryan,D,True,True,52.5,"$1,972,446","$2,071,454"
568,OH,13,Christina Hagan,R,False,False,44.9,"$861,723","$820,660"
569,OH,14,David P Joyce,R,True,True,60.1,"$2,917,696","$2,501,449"
570,OH,14,Hillary O'Connor Mueri,D,False,False,39.9,"$579,877","$574,646"
571,OH,15,Steve Stivers,R,True,True,63.4,"$3,004,799","$2,293,101"
572,OH,15,Joel Newby,D,False,False,36.6,"$55,797","$55,797"
573,OH,16,Anthony Gonzalez,R,True,True,63.2,"$2,338,195","$1,839,807"
574,OH,16,Aaron Godfrey,D,False,False,36.8,"$60,294","$60,430"
575,OK,01,Kevin Hern,R,True,True,63.7,"$1,094,104","$830,366"
576,OK,01,Kojo Asamoa-Caesar,D,False,False,32.7,"$157,355","$173,928"
577,OK,02,Markwayne Mullin,R,True,True,75.0,"$1,660,206","$1,077,939"
578,OK,02,Danyell Lanier,D,False,False,22.0,"$41,730","$41,722"
579,OK,03,Frank D Lucas,R,True,True,78.5,"$872,749","$1,036,145"
580,OK,04,Tom Cole,R,True,True,67.8,"$1,812,530","$1,753,697"
581,OK,04,Mary Brannon,D,False,False,28.8,"-$2,084","$1,599"
582,OK,05,Kendra Horn,D,True,False,47.9,"$5,949,800","$5,946,195"
583,OK,05,Stephanie Bice,R,False,True,52.1,"$3,720,520","$3,508,929"
584,OR,01,Suzanne Bonamici,D,True,True,64.6,"$959,223","$864,627"
585,OR,01,Chris Christensen,R,False,False,35.2,$144,$672
586,OR,02,Cliff Bentz,R,False,True,60.0,"$1,450,780","$1,361,727"
587,OR,02,Alex Spenser,D,False,False,36.9,"$20,640","$5,089"
588,OR,03,Earl Blumenauer,D,True,True,73.0,"$1,813,365","$1,948,453"
589,OR,03,Joanna Harbour,R,False,False,23.5,"$17,681","$14,502"
590,OR,04,Peter DeFazio,D,True,True,51.6,"$5,182,843","$5,781,074"
591,OR,04,Alek Skarlatos,R,False,False,46.2,"$5,454,621","$5,331,264"
592,OR,05,Kurt Schrader,D,True,True,51.9,"$2,018,692","$1,922,073"
593,OR,05,Amy Ryan Courser,R,False,False,45.2,"$231,624","$221,041"
594,PA,01,Brian Fitzpatrick,R,True,True,58.7,"$4,203,825","$4,272,135"
595,PA,01,Christina Finello,D,False,False,41.3,"$2,336,814","$2,329,748"
596,PA,02,Brendan Boyle,D,True,True,65.1,"$1,556,650","$756,317"
597,PA,03,Dwight Evans,D,True,True,87.5,"$942,386","$781,265"
598,PA,04,Madeleine Dean,D,True,True,56.0,"$1,435,995","$1,005,928"
599,PA,04,Kathy Barnette,R,False,False,44.0,"$1,000,389","$884,640"
600,PA,05,Mary Gay Scanlon,D,True,True,60.3,"$1,455,042","$1,350,276"
601,PA,05,Dasha Pruett,R,False,False,39.7,"$105,146","$82,437"
602,PA,06,Chrissy Houlahan,D,True,True,54.7,"$3,484,484","$1,327,283"
603,PA,06,John Emmons,R,False,False,45.3,"$608,859","$601,390"
604,PA,07,Susan Wild,D,True,True,51.7,"$4,581,056","$4,528,267"
605,PA,08,Matt Cartwright,D,True,True,51.7,"$3,885,136","$4,144,070"
606,PA,08,Jim Bognet,R,False,False,48.3,"$1,519,527","$1,386,040"
607,PA,09,Dan Meuser,R,True,True,68.2,"$1,071,961","$944,010"
608,PA,09,Gary Wegman,D,False,False,31.8,"$188,787","$187,348"
609,PA,10,Scott Perry,R,True,False,53.4,"$3,956,481","$3,839,197"
610,PA,10,Eugene DePasquale,D,False,False,46.6,"$4,534,580","$4,526,684"
611,PA,11,Lloyd Smucker,R,True,True,69.2,"$1,349,318","$662,704"
612,PA,11,Sarah Hammond,D,False,False,30.8,"$28,733","$23,458"
613,PA,12,Fred Keller,R,True,True,71.8,"$1,541,938","$1,066,158"
614,PA,12,Lee Griffin,D,False,False,28.2,"$45,850","$44,571"
615,PA,13,John Joyce,R,True,True,79.0,"$1,119,769","$461,229"
616,PA,13,Todd Rowley,D,False,False,21.0,"$60,348","$67,527"
617,PA,14,Guy Reschenthaler,R,True,True,67.8,"$2,250,282","$1,580,488"
618,PA,14,Bill Marx,D,False,False,32.2,"$60,403","$45,959"
619,PA,15,Glenn Thompson,R,True,True,76.3,"$1,700,061","$1,839,073"
620,PA,16,Mike Kelly,R,True,True,67.2,"$2,239,488","$1,319,340"
621,PA,16,Kristy Gnibus,D,False,False,32.8,"$584,205","$579,453"
622,PA,17,Conor Lamb,D,True,True,51.1,"$4,063,114","$3,448,850"
623,PA,17,Sean Parnell,R,False,False,48.9,"$3,935,774","$3,732,399"
624,PA,18,Mike Doyle,D,True,True,64.6,"$1,008,711","$999,692"
625,PA,18,Luke Negron,R,False,False,35.4,"$57,714","$51,666"
626,RI,01,David Cicilline,D,True,True,70.8,"$1,574,854","$1,743,173"
627,RI,02,Jim Langevin,D,True,True,58.2,"$1,102,312","$1,422,339"
628,RI,02,Bob Lancia,R,False,False,41.5,"$55,549","$47,877"
629,SC,01,Joe Cunningham,D,True,False,49.3,"$6,941,746","$6,993,962"
630,SC,01,Nancy Mace,R,False,True,50.6,"$5,766,726","$5,707,239"
631,SC,02,Joe Wilson,R,True,True,55.7,"$1,648,065","$1,723,956"
632,SC,02,Adair Boroughs,D,False,False,42.6,"$2,510,526","$2,507,664"
633,SC,03,Jeff Duncan,R,True,True,71.2,"$1,509,647","$1,271,872"
634,SC,03,Hosea Cleveland,D,False,False,28.7,"$43,214","$45,107"
635,SC,04,William Timmons,R,True,True,61.6,"$977,784","$982,233"
636,SC,04,Kim Nelson,D,False,False,36.9,"$167,825","$167,508"
637,SC,05,Ralph Norman,R,True,True,60.1,"$991,246","$859,747"
638,SC,05,Moe Brown,D,False,False,39.9,"$480,648","$477,295"
639,SD,01,Dusty Johnson,R,True,True,81.8,"$1,693,504","$699,356"
640,TN,01,Diana Harshbarger,R,False,True,74.8,"$2,126,946","$1,869,100"
641,TN,01,Blair Nicole Walsingham,D,False,False,22.4,"$140,209","$134,995"
642,TN,02,Tim Burchett,R,True,True,67.7,"$1,336,276","$878,488"
643,TN,02,Renee Hoyos,D,False,False,31.0,"$812,784","$816,793"
644,TN,03,Chuck Fleischmann,R,True,True,67.3,"$1,051,653","$381,411"
645,TN,03,Meg Gorman,D,False,False,30.5,"$85,843","$77,760"
646,TN,04,Scott Desjarlais,R,True,True,66.7,"$331,464","$392,499"
647,TN,04,Christopher Hale,D,False,False,33.3,"$308,731","$302,996"
648,TN,05,Jim Cooper,D,True,True,100.0,"$936,569","$1,332,131"
649,TN,06,John Rose,R,True,True,73.7,"$1,050,429","$625,688"
650,TN,07,Mark Green,R,True,True,69.9,"$1,194,960","$935,487"
651,TN,07,Kiran Sreepada,D,False,False,27.3,"$206,644","$207,191"
652,TN,07,Ronald Brown,I,False,False,2.2,"$1,750",$0
653,TN,07,Scott Vieira Jr,I,False,False,0.6,$655,"$1,049"
654,TN,08,David Kustoff,R,True,True,68.5,"$1,641,217","$999,285"
655,TN,08,Erika Stotts Pearson,D,False,False,29.5,"$19,070","$15,883"
656,TN,09,Steve Cohen,D,True,True,77.4,"$607,570","$457,311"
657,TN,09,Charlotte Bergmann,R,False,False,20.1,"$99,147","$100,532"
658,TN,09,Dennis Clark,I,False,False,1.6,"$9,991","$9,919"
659,TX,01,Louie Gohmert,R,True,True,72.6,"$552,915","$580,441"
660,TX,01,Hank Gilbert,D,False,False,27.4,"$968,155","$734,411"
661,TX,02,Dan Crenshaw,R,True,True,55.6,"$19,427,865","$17,596,329"
662,TX,02,Sima Ladjevardian,D,False,False,42.8,"$3,832,697","$3,825,287"
663,TX,03,Van Taylor,R,True,True,55.1,"$2,655,327","$2,825,378"
664,TX,03,Helane Seikaly,D,False,False,42.9,"$1,635,185","$1,634,843"
665,TX,04,Patrick Fallon,R,False,True,75.1,"$257,174","$95,065"
666,TX,04,Tracy Shawn Jones,I,False,False,0.4,"$13,002","$10,595"
667,TX,05,Lance Gooden,R,True,True,62.0,"$1,610,327","$1,311,983"
668,TX,05,Carolyn Salter,D,False,False,35.9,"$317,848","$289,112"
669,TX,06,Ron Wright,R,True,True,52.8,"$912,134","$907,693"
670,TX,06,Stephen Daniel,D,False,False,44.0,"$680,402","$677,568"
671,TX,07,Lizzie Fletcher,D,True,True,50.8,"$6,265,165","$6,246,136"
672,TX,07,Wesley Hunt,R,False,False,47.5,"$7,524,064","$7,300,122"
673,TX,08,Kevin Brady,R,True,True,72.5,"$3,570,477","$3,190,447"
674,TX,08,Elizabeth Hernandez,D,False,False,25.5,"$17,227","$14,981"
675,TX,09,Al Green,D,True,True,75.5,"$460,332","$486,155"
676,TX,09,Johnny Teague,R,False,False,21.6,"$89,965","$88,366"
677,TX,10,Michael McCaul,R,True,True,52.5,"$3,856,477","$3,910,930"
678,TX,10,Mike Siegel,D,False,False,45.4,"$2,873,926","$2,829,765"
679,TX,11,August Pfluger,R,False,True,79.7,"$2,578,540","$1,984,134"
680,TX,11,Jon Mark Hogg,D,False,False,18.3,"$137,730","$135,141"
681,TX,12,Kay Granger,R,True,True,63.7,"$3,161,288","$3,271,815"
682,TX,12,Lisa Welch,D,False,False,33.0,"$98,465","$98,475"
683,TX,13,Ronny Jackson,R,False,True,79.4,"$2,128,271","$1,741,132"
684,TX,13,Gus Trujillo,D,False,False,18.5,"$22,826","$18,820"
685,TX,14,Randy Weber,R,True,True,61.6,"$936,202","$924,659"
686,TX,14,Adrienne Bell,D,False,False,38.4,"$244,754","$240,934"
687,TX,15,Vicente Gonzalez,D,True,True,50.5,"$1,008,381","$657,500"
688,TX,15,Monica De La Cruz,R,False,False,47.6,"$344,893","$338,832"
689,TX,16,Veronica Escobar,D,True,True,64.7,"$1,135,549","$1,087,693"
690,TX,16,Irene Armendariz-Jackson,R,False,False,35.3,"$168,997","$153,671"
691,TX,17,Pete Sessions,R,False,True,55.9,"$1,447,958","$1,658,637"
692,TX,17,Rick Kennedy,D,False,False,40.9,"$200,668","$202,096"
693,TX,18,Sheila Jackson Lee,D,True,True,73.3,"$924,480","$838,414"
694,TX,18,Wendell Champion,R,False,False,23.5,"$305,645","$271,278"
695,TX,19,Jodey Arrington,R,True,True,74.8,"$2,497,184","$1,932,700"
696,TX,19,Tom Watson,D,False,False,22.9,"$49,405","$60,806"
697,TX,20,Joaquin Castro,D,True,True,64.7,"$674,061","$686,934"
698,TX,20,Mauro Garza,R,False,False,33.1,"$263,293","$240,930"
699,TX,21,Chip Roy,R,True,True,52.0,"$5,005,639","$4,679,362"
700,TX,21,Wendy Davis,D,False,False,45.4,"$10,263,486","$10,201,874"
701,TX,22,Sri Kulkarni,D,False,False,44.6,"$5,639,061","$5,630,098"
702,TX,22,Troy Nehls,R,False,True,51.5,"$1,806,655","$1,787,448"
703,TX,23,Gina Ortiz Jones,D,False,False,46.6,"$6,755,222","$6,842,440"
704,TX,23,Tony Gonzales,R,False,True,50.5,"$2,797,133","$2,764,108"
705,TX,24,Candace Valenzuela,D,False,False,47.5,"$4,886,999","$4,875,031"
706,TX,24,Beth Van Duyne,R,False,True,48.8,"$3,410,852","$3,342,442"
707,TX,24,Stephen Kuzmich,I,False,False,1.2,"$175,504","$201,332"
708,TX,24,Mark Bauer,I,False,False,0.9,"$26,342","$26,542"
709,TX,25,Roger Williams,R,True,True,55.9,"$2,435,121","$3,347,267"
710,TX,25,Julie Oliver,D,False,False,42.1,"$2,190,347","$2,176,319"
711,TX,26,Michael Burgess,R,True,True,60.6,"$1,806,588","$2,081,391"
712,TX,26,Carol Iannuzzi,D,False,False,37.3,"$95,937","$95,937"
713,TX,27,Michael Cloud,R,True,True,63.1,"$1,014,427","$829,748"
714,TX,27,Ricardo De La Fuente,D,False,False,34.9,"$312,096","$312,096"
715,TX,28,Henry Cuellar,D,True,True,58.3,"$2,655,317","$3,650,848"
716,TX,28,Sandra Whitten,R,False,False,39.0,"$24,760","$27,354"
717,TX,29,Sylvia Garcia,D,True,True,71.1,"$818,984","$758,382"
718,TX,29,Jaimy Blanco,R,False,False,27.4,"$4,378",$0
719,TX,30,Eddie Bernice Johnson,D,True,True,77.5,"$589,096","$494,547"
720,TX,30,Tre Pennie,R,False,False,18.4,"$311,109","$305,446"
721,TX,31,John Carter,R,True,True,53.4,"$2,160,187","$2,214,487"
722,TX,31,Donna Imam,D,False,False,44.3,"$1,035,222","$1,035,272"
723,TX,32,Colin Allred,D,True,True,52.0,"$5,667,725","$5,611,747"
724,TX,32,Genevieve Collins,R,False,False,45.9,"$5,923,081","$5,915,256"
725,TX,32,Jason Sigmon,I,False,False,0.7,"$11,791","$11,651"
726,TX,33,Marc Veasey,D,True,True,66.8,"$1,621,929","$1,613,446"
727,TX,33,Fabian Cordova Vasquez,R,False,False,25.2,"$36,692","$25,585"
728,TX,34,Filemon Vela,D,True,True,55.4,"$983,026","$1,024,180"
729,TX,34,Rey Gonzalez,R,False,False,41.8,"$37,118","$37,446"
730,TX,35,Lloyd Doggett,D,True,True,65.4,"$1,336,576","$424,804"
731,TX,35,Jennifer Sharon,R,False,False,30.0,"$19,011","$14,442"
732,TX,35,Jason Mata,I,False,False,1.9,"$2,632","$2,632"
733,TX,36,Brian Babin,R,True,True,73.6,"$1,345,351","$1,297,185"
734,TX,36,Brandon Rashad Lewis,D,False,False,24.3,"$21,714","$12,278"
735,UT,01,Blake Moore,R,False,True,69.6,"$844,377","$816,015"
736,UT,01,Darren Parry,D,False,False,30.5,"$41,218","$40,904"
737,UT,02,Chris Stewart,R,True,True,59.0,"$835,139","$812,462"
738,UT,02,John Kael Weston,D,False,False,36.6,"$344,774","$306,872"
739,UT,03,John Curtis,R,True,True,68.8,"$874,311","$687,265"
740,UT,03,Devin Thorpe,D,False,False,26.8,"$191,412","$190,200"
741,UT,04,Ben McAdams,D,True,False,46.7,"$5,613,542","$5,555,591"
742,UT,04,Burgess Owens,R,False,True,47.7,"$5,129,475","$5,049,146"
743,VT,01,Peter Welch,D,True,True,64.4,"$847,320","$865,252"
744,VA,01,Rob Wittman,R,True,True,58.5,"$1,969,785","$2,140,375"
745,VA,01,Qasim Rashid,D,False,False,41.7,"$1,559,108","$1,559,108"
746,VA,02,Elaine Luria,D,True,True,51.6,"$6,522,276","$6,387,474"
747,VA,02,Scott Taylor,R,False,False,45.8,"$2,452,292","$2,446,410"
748,VA,03,Bobby Scott,D,True,True,68.4,"$873,126","$832,419"
749,VA,03,John Collick,R,False,False,31.4,"$167,146","$165,080"
750,VA,04,Donald McEachin,D,True,True,61.6,"$961,412","$963,788"
751,VA,04,Leon Benjamin,R,False,False,38.2,"$545,354","$523,429"
752,VA,05,Cameron Webb,D,False,False,47.3,"$5,755,917","$5,750,924"
753,VA,05,Bob Good,R,False,True,52.4,"$1,373,867","$1,323,530"
754,VA,06,Ben Cline,R,True,True,64.6,"$892,955","$672,928"
755,VA,06,Nicholas Betts,D,False,False,35.3,"$56,190","$54,205"
756,VA,07,Abigail Spanberger,D,True,True,50.8,"$8,387,680","$7,852,213"
757,VA,07,Nick Freitas,R,False,False,49.0,"$3,629,431","$3,600,108"
758,VA,08,Don Beyer,D,True,True,75.8,"$1,729,482","$2,071,906"
759,VA,08,Jeff Jordan,R,False,False,24.0,"$96,035","$96,035"
760,VA,09,Morgan Griffith,R,True,True,94.0,"$873,612","$463,916"
761,VA,10,Jennifer Wexton,D,True,True,56.5,"$3,855,331","$1,772,250"
762,VA,10,Aliscia Andrews,R,False,False,43.4,"$1,567,598","$1,413,145"
763,VA,11,Gerry Connolly,D,True,True,71.4,"$1,998,592","$1,811,776"
764,VA,11,Manga Anantatmula,R,False,False,28.3,"$282,152","$268,326"
765,WA,01,Suzan DelBene,D,True,True,58.6,"$2,182,985","$1,897,162"
766,WA,01,Jeffrey Beeler,R,False,False,41.3,"$61,970","$62,279"
767,WA,02,Rick Larsen,D,True,True,63.2,"$1,275,127","$1,219,489"
768,WA,02,Tim Hazelo,R,False,False,36.6,"$49,478","$49,322"
769,WA,03,Jaime Herrera Beutler,R,True,True,56.4,"$4,566,383","$4,540,148"
770,WA,03,Carolyn Long,D,False,False,43.4,"$4,130,540","$4,142,685"
771,WA,04,Dan Newhouse,R,True,True,66.3,"$1,173,464","$991,174"
772,WA,04,Doug McKinley,D,False,False,33.5,"$57,666","$54,227"
773,WA,05,Cathy McMorris Rodgers,R,True,True,60.9,"$4,349,448","$3,432,572"
774,WA,05,Dave Wilson,D,False,False,38.9,"$109,636","$109,636"
775,WA,06,Derek Kilmer,D,True,True,59.4,"$2,524,026","$2,531,111"
776,WA,06,Elizabeth Kreiselmaier,R,False,False,40.4,"$156,123","$145,108"
777,WA,07,Pramila Jayapal,D,True,True,83.0,"$2,630,000","$1,530,626"
778,WA,07,Craig Keller,R,False,False,16.7,"$2,904","$3,703"
779,WA,08,Kim Schrier,D,True,True,51.7,"$5,422,491","$3,774,398"
780,WA,08,Jesse Jensen,R,False,False,48.1,"$852,396","$842,269"
781,WA,09,Adam Smith,D,True,True,74.2,"$1,324,761","$930,710"
782,WA,09,Doug Basler,R,False,False,25.7,"$22,536","$18,328"
783,WA,10,Marilyn Strickland,D,False,True,49.6,"$1,812,659","$1,780,633"
784,WA,10,Beth Doglio,D,False,False,35.7,"$1,477,678","$1,477,678"
785,WV,01,David McKinley,R,True,True,69.0,"$1,092,609","$1,085,864"
786,WV,01,Natalie Ms. Cline,D,False,False,31.0,"$81,032","$81,881"
787,WV,02,Alex Mooney,R,True,True,63.1,"$2,155,978","$864,001"
788,WV,02,Catherine Kunkel,D,False,False,36.9,"$641,567","$641,567"
789,WV,03,Carol Miller,R,True,True,71.3,"$869,210","$720,796"
790,WV,03,Hilary Turner,D,False,False,28.7,"$99,214","$98,769"
791,WI,01,Bryan Steil,R,True,True,59.4,"$3,500,849","$3,151,701"
792,WI,01,Roger Polack,D,False,False,40.7,"$536,228","$526,431"
793,WI,02,Mark Pocan,D,True,True,69.7,"$1,290,582","$1,014,628"
794,WI,02,Peter Theron,R,False,False,30.3,"$35,753","$33,977"
795,WI,03,Ron Kind,D,True,True,51.4,"$2,989,262","$4,435,403"
796,WI,03,Derrick Van Orden,R,False,False,48.6,"$1,962,443","$1,948,639"
797,WI,04,Gwen Moore,D,True,True,74.7,"$1,183,995","$1,166,739"
798,WI,05,Scott Fitzgerald,R,False,True,60.2,"$1,155,721","$968,406"
799,WI,05,Tom Palzewicz,D,False,False,39.9,"$370,392","$371,799"
800,WI,06,Glenn Grothman,R,True,True,59.3,"$1,815,756","$1,736,659"
801,WI,06,Jessica King,D,False,False,40.7,"$287,753","$245,788"
802,WI,07,Tom Tiffany,R,True,True,60.8,"$2,637,459","$2,514,740"
803,WI,07,Tricia Zunker,D,False,False,39.2,"$1,261,957","$1,232,690"
804,WI,08,Mike Gallagher,R,True,True,64.0,"$3,202,905","$2,841,801"
805,WI,08,Amanda Stuck,D,False,False,36.0,"$416,978","$399,916"
806,WY,01,Liz Cheney,R,True,True,68.6,"$3,003,883","$3,060,167"
807,WY,01,Lynnette Grey Bull,D,False,False,24.6,"$134,597","$132,235"
